timestamp,vehicle_id,car_name,mileage_km,engine_temp,oil_pressure,battery_voltage,brake_pad_thickness,tire_pressure,rpm,speed_kmph,failure
2025-01-01 00:00:00,V001,Tata Nexon,39440,92.09,34.11,12.3,9.13,33.72,1601,21,0
2025-01-01 12:00:00,V001,Tata Nexon,39470,91.96,33.41,12.28,9.12,33.8,3796,109,0
2025-01-02 00:00:00,V001,Tata Nexon,39500,91.76,33.24,12.29,9.1,33.96,874,109,0
2025-01-02 12:00:00,V001,Tata Nexon,39530,92.26,33.15,12.3,9.06,33.91,3246,36,0
2025-01-03 00:00:00,V001,Tata Nexon,39560,92.03,32.96,12.3,9.02,33.89,3601,56,0
2025-01-03 12:00:00,V001,Tata Nexon,39590,92.84,32.94,12.32,9.01,33.81,1413,4,0
2025-01-04 00:00:00,V001,Tata Nexon,39620,93.31,32.91,12.33,8.98,33.75,1520,76,0
2025-01-04 12:00:00,V001,Tata Nexon,39650,93.33,32.76,12.31,8.96,33.69,928,86,0
2025-01-05 00:00:00,V001,Tata Nexon,39680,93.16,32.72,12.31,8.92,33.71,1455,27,0
2025-01-05 12:00:00,V001,Tata Nexon,39710,92.83,32.31,12.28,8.9,33.7,3135,87,0
2025-01-06 00:00:00,V001,Tata Nexon,39740,92.68,32.07,12.26,8.9,33.57,2169,72,0
2025-01-06 12:00:00,V001,Tata Nexon,39770,92.68,32.17,12.25,8.88,33.5,2358,85,0
2025-01-07 00:00:00,V001,Tata Nexon,39800,93.4,32.14,12.24,8.88,33.54,1340,16,0
2025-01-07 12:00:00,V001,Tata Nexon,39830,93.68,32.32,12.25,8.87,33.86,3224,78,0
2025-01-08 00:00:00,V001,Tata Nexon,39860,93.25,32.25,12.25,8.85,33.77,3380,101,0
2025-01-08 12:00:00,V001,Tata Nexon,39890,93.66,32.21,12.25,8.85,33.76,2891,65,0
2025-01-09 00:00:00,V001,Tata Nexon,39920,93.71,31.9,12.25,8.83,33.82,3963,57,0
2025-01-09 12:00:00,V001,Tata Nexon,39950,94.03,31.8,12.24,8.8,33.81,1646,13,0
2025-01-10 00:00:00,V001,Tata Nexon,39980,94.13,31.71,12.22,8.78,33.78,2412,77,0
2025-01-10 12:00:00,V001,Tata Nexon,40010,93.3,31.68,12.21,8.77,33.78,3564,18,0
2025-01-11 00:00:00,V001,Tata Nexon,40040,94.79,31.79,12.22,8.76,33.7,3907,77,0
2025-01-11 12:00:00,V001,Tata Nexon,40070,95.19,31.69,12.22,8.72,33.78,2156,23,0
2025-01-12 00:00:00,V001,Tata Nexon,40100,94.9,31.58,12.21,8.71,33.83,3369,97,0
2025-01-12 12:00:00,V001,Tata Nexon,40130,95.14,31.4,12.2,8.7,33.81,2236,0,0
2025-01-13 00:00:00,V001,Tata Nexon,40160,94.8,31.59,12.2,8.68,33.95,3065,50,0
2025-01-13 12:00:00,V001,Tata Nexon,40190,94.36,31.57,12.2,8.66,33.88,1896,58,0
2025-01-14 00:00:00,V001,Tata Nexon,40220,94.35,31.55,12.19,8.62,33.81,1974,57,0
2025-01-14 12:00:00,V001,Tata Nexon,40250,95.57,31.51,12.17,8.6,33.8,1691,52,0
2025-01-15 00:00:00,V001,Tata Nexon,40280,96.14,31.69,12.17,8.59,33.84,3304,98,0
2025-01-15 12:00:00,V001,Tata Nexon,40310,96.28,31.91,12.17,8.58,33.89,1655,56,0
2025-01-16 00:00:00,V001,Tata Nexon,40340,96.12,31.75,12.17,8.54,33.96,1145,108,0
2025-01-16 12:00:00,V001,Tata Nexon,40370,95.17,31.85,12.17,8.53,34.09,1314,13,0
2025-01-17 00:00:00,V001,Tata Nexon,40400,95.99,31.69,12.16,8.52,33.99,2337,32,0
2025-01-17 12:00:00,V001,Tata Nexon,40430,96.19,31.24,12.16,8.49,33.96,948,75,0
2025-01-18 00:00:00,V001,Tata Nexon,40460,95.33,31.35,12.16,8.48,33.96,1315,22,0
2025-01-18 12:00:00,V001,Tata Nexon,40490,95.21,31.21,12.13,8.45,33.83,2181,12,0
2025-01-19 00:00:00,V001,Tata Nexon,40520,95.56,31.14,12.11,8.43,33.77,3494,16,0
2025-01-19 12:00:00,V001,Tata Nexon,40550,95.43,31.06,12.11,8.4,33.72,3745,24,0
2025-01-20 00:00:00,V001,Tata Nexon,40580,95.93,30.82,12.1,8.37,33.81,2456,119,0
2025-01-20 12:00:00,V001,Tata Nexon,40610,96.46,30.25,12.09,8.36,33.82,2078,113,0
2025-01-21 00:00:00,V001,Tata Nexon,40640,97.39,29.85,12.09,8.34,33.84,1110,60,0
2025-01-21 12:00:00,V001,Tata Nexon,40670,97.85,29.76,12.09,8.34,33.63,3847,103,0
2025-01-22 00:00:00,V001,Tata Nexon,40700,98.29,29.58,12.08,8.32,33.77,1084,101,0
2025-01-22 12:00:00,V001,Tata Nexon,40730,99.0,29.56,12.08,8.32,33.85,2995,59,0
2025-01-23 00:00:00,V001,Tata Nexon,40760,98.75,29.28,12.07,8.3,33.91,3386,64,0
2025-01-23 12:00:00,V001,Tata Nexon,40790,98.23,29.08,12.06,8.28,33.82,2311,81,0
2025-01-24 00:00:00,V001,Tata Nexon,40820,98.72,28.99,12.06,8.27,33.96,2033,24,0
2025-01-24 12:00:00,V001,Tata Nexon,40850,98.23,29.21,12.05,8.24,33.95,1955,51,0
2025-01-25 00:00:00,V001,Tata Nexon,40880,97.08,29.13,12.03,8.23,33.9,2315,118,0
2025-01-25 12:00:00,V001,Tata Nexon,40910,98.13,29.06,12.02,8.21,33.92,1211,17,0
2025-01-26 00:00:00,V001,Tata Nexon,40940,98.28,28.96,12.02,8.18,33.94,1589,19,0
2025-01-26 12:00:00,V001,Tata Nexon,40970,99.19,28.77,12.02,8.17,33.93,926,10,0
2025-01-27 00:00:00,V001,Tata Nexon,41000,99.64,28.7,12.02,8.14,33.97,3543,11,0
2025-01-27 12:00:00,V001,Tata Nexon,41030,100.36,28.91,12.02,8.13,33.99,2986,106,0
2025-01-28 00:00:00,V001,Tata Nexon,41060,100.94,28.56,12.01,8.12,34.0,1878,88,0
2025-01-28 12:00:00,V001,Tata Nexon,41090,101.95,28.5,12.0,8.12,34.12,2377,43,0
2025-01-29 00:00:00,V001,Tata Nexon,41120,102.1,28.13,11.97,8.1,34.23,2256,49,0
2025-01-29 12:00:00,V001,Tata Nexon,41150,102.5,27.82,11.98,8.07,34.1,3097,55,0
2025-01-30 00:00:00,V001,Tata Nexon,41180,103.21,27.7,11.95,8.06,34.13,2803,67,0
2025-01-30 12:00:00,V001,Tata Nexon,41210,103.83,27.42,11.95,8.03,33.99,3201,83,0
2025-01-31 00:00:00,V001,Tata Nexon,41240,103.14,27.38,11.95,8.02,34.02,2318,79,0
2025-01-31 12:00:00,V001,Tata Nexon,41270,103.78,27.31,11.95,8.01,33.93,1615,53,0
2025-02-01 00:00:00,V001,Tata Nexon,41300,104.16,27.27,11.95,7.99,34.05,1481,32,0
2025-02-01 12:00:00,V001,Tata Nexon,41330,104.1,27.02,11.96,7.97,33.95,3968,72,0
2025-02-02 00:00:00,V001,Tata Nexon,41360,104.71,27.16,11.95,7.95,33.96,1267,80,0
2025-02-02 12:00:00,V001,Tata Nexon,41390,105.22,26.78,11.94,7.92,33.9,2063,89,0
2025-02-03 00:00:00,V001,Tata Nexon,41420,105.05,26.59,11.93,7.88,33.9,3400,67,0
2025-02-03 12:00:00,V001,Tata Nexon,41450,105.08,26.42,11.93,7.86,33.71,3539,0,0
2025-02-04 00:00:00,V001,Tata Nexon,41480,105.62,26.29,11.92,7.85,33.71,2770,69,0
2025-02-04 12:00:00,V001,Tata Nexon,41510,105.5,26.19,11.91,7.83,33.74,2345,65,0
2025-02-05 00:00:00,V001,Tata Nexon,41540,105.76,25.93,11.89,7.8,33.59,2150,44,0
2025-02-05 12:00:00,V001,Tata Nexon,41570,106.03,25.94,11.89,7.79,33.71,2437,11,0
2025-02-06 00:00:00,V001,Tata Nexon,41600,106.35,25.75,11.89,7.77,33.65,1544,28,0
2025-02-06 12:00:00,V001,Tata Nexon,41630,107.15,25.75,11.89,7.75,33.58,3570,62,0
2025-02-07 00:00:00,V001,Tata Nexon,41660,107.16,25.62,11.92,7.72,33.65,1846,112,0
2025-02-07 12:00:00,V001,Tata Nexon,41690,107.85,25.64,11.92,7.69,33.56,3041,18,0
2025-02-08 00:00:00,V001,Tata Nexon,41720,108.21,25.34,11.9,7.67,33.65,2163,28,0
2025-02-08 12:00:00,V001,Tata Nexon,41750,109.07,25.07,11.91,7.65,33.5,2211,75,0
2025-02-09 00:00:00,V001,Tata Nexon,41780,109.88,24.47,11.89,7.62,33.49,3802,77,1
2025-02-09 12:00:00,V001,Tata Nexon,41810,110.68,24.79,11.88,7.61,33.42,1113,71,1
2025-02-10 00:00:00,V001,Tata Nexon,41840,110.91,24.52,11.87,7.59,33.35,3853,92,1
2025-02-10 12:00:00,V001,Tata Nexon,41870,111.49,23.98,11.87,7.58,33.36,871,38,1
2025-02-11 00:00:00,V001,Tata Nexon,41900,111.83,23.89,11.84,7.56,33.29,2782,16,1
2025-02-11 12:00:00,V001,Tata Nexon,41930,112.24,23.84,11.84,7.54,33.27,2041,106,1
2025-02-12 00:00:00,V001,Tata Nexon,41960,112.37,23.61,11.83,7.55,33.06,3352,57,1
2025-02-12 12:00:00,V001,Tata Nexon,41990,111.74,23.33,11.82,7.53,33.15,2944,103,1
2025-02-13 00:00:00,V001,Tata Nexon,42020,112.23,23.32,11.83,7.5,33.08,1567,52,1
2025-02-13 12:00:00,V001,Tata Nexon,42050,112.86,23.05,11.82,7.48,33.1,1042,51,1
2025-02-14 00:00:00,V001,Tata Nexon,42080,114.1,22.77,11.83,7.46,33.09,3229,103,1
2025-02-14 12:00:00,V001,Tata Nexon,42110,114.75,22.96,11.81,7.44,32.96,3327,75,1
2025-02-15 00:00:00,V001,Tata Nexon,42140,114.8,23.15,11.81,7.42,32.89,3496,50,1
2025-02-15 12:00:00,V001,Tata Nexon,42170,114.72,23.05,11.79,7.38,33.13,2157,84,1
2025-02-16 00:00:00,V001,Tata Nexon,42200,114.09,22.9,11.81,7.38,33.05,3903,55,1
2025-02-16 12:00:00,V001,Tata Nexon,42230,114.36,22.87,11.82,7.37,32.88,1087,75,1
2025-02-17 00:00:00,V001,Tata Nexon,42260,114.95,22.81,11.82,7.36,32.73,872,63,1
2025-02-17 12:00:00,V001,Tata Nexon,42290,115.07,23.15,11.82,7.34,32.74,3967,37,1
2025-02-18 00:00:00,V001,Tata Nexon,42320,115.27,23.23,11.81,7.32,32.56,1251,19,1
2025-02-18 12:00:00,V001,Tata Nexon,42350,116.14,23.34,11.82,7.3,32.55,1989,55,1
2025-02-19 00:00:00,V001,Tata Nexon,42380,115.94,23.81,11.83,7.29,32.43,3717,93,1
2025-02-19 12:00:00,V001,Tata Nexon,42410,116.98,24.07,11.8,7.25,32.43,2134,6,1
2025-01-01 00:00:00,V002,Hyundai Creta,148818,79.49,34.26,12.61,9.01,30.04,2896,1,0
2025-01-01 12:00:00,V002,Hyundai Creta,148848,79.23,34.26,12.6,8.98,30.0,3373,105,0
2025-01-02 00:00:00,V002,Hyundai Creta,148878,79.15,34.22,12.59,8.95,29.98,2922,26,0
2025-01-02 12:00:00,V002,Hyundai Creta,148908,79.07,34.23,12.58,8.92,29.77,2489,63,0
2025-01-03 00:00:00,V002,Hyundai Creta,148938,79.97,34.16,12.58,8.9,29.66,3285,79,0
2025-01-03 12:00:00,V002,Hyundai Creta,148968,80.47,34.16,12.58,8.88,29.77,2220,79,0
2025-01-04 00:00:00,V002,Hyundai Creta,148998,80.72,34.12,12.59,8.86,29.68,2277,70,0
2025-01-04 12:00:00,V002,Hyundai Creta,149028,79.51,33.93,12.59,8.85,29.75,3582,50,0
2025-01-05 00:00:00,V002,Hyundai Creta,149058,79.52,34.04,12.58,8.81,29.85,3641,28,0
2025-01-05 12:00:00,V002,Hyundai Creta,149088,79.72,33.74,12.57,8.78,29.93,2971,48,0
2025-01-06 00:00:00,V002,Hyundai Creta,149118,79.41,33.76,12.56,8.77,29.92,3569,55,0
2025-01-06 12:00:00,V002,Hyundai Creta,149148,79.79,33.95,12.56,8.75,29.87,3106,119,0
2025-01-07 00:00:00,V002,Hyundai Creta,149178,79.3,33.82,12.55,8.75,29.8,1651,86,0
2025-01-07 12:00:00,V002,Hyundai Creta,149208,79.93,33.85,12.54,8.73,29.94,2944,90,0
2025-01-08 00:00:00,V002,Hyundai Creta,149238,79.52,33.72,12.55,8.72,29.86,3914,7,0
2025-01-08 12:00:00,V002,Hyundai Creta,149268,79.78,33.4,12.54,8.69,29.79,1139,54,0
2025-01-09 00:00:00,V002,Hyundai Creta,149298,79.45,33.14,12.56,8.67,29.87,2523,13,0
2025-01-09 12:00:00,V002,Hyundai Creta,149328,79.07,32.86,12.57,8.64,29.98,2847,41,0
2025-01-10 00:00:00,V002,Hyundai Creta,149358,78.22,32.62,12.55,8.61,29.92,3509,29,0
2025-01-10 12:00:00,V002,Hyundai Creta,149388,78.25,32.76,12.55,8.58,29.86,2571,11,0
2025-01-11 00:00:00,V002,Hyundai Creta,149418,78.77,32.74,12.56,8.55,29.83,1415,74,0
2025-01-11 12:00:00,V002,Hyundai Creta,149448,79.01,32.57,12.57,8.51,29.82,1027,27,0
2025-01-12 00:00:00,V002,Hyundai Creta,149478,79.24,32.62,12.57,8.49,29.59,2998,97,0
2025-01-12 12:00:00,V002,Hyundai Creta,149508,80.01,32.59,12.57,8.49,29.5,1445,53,0
2025-01-13 00:00:00,V002,Hyundai Creta,149538,78.87,32.16,12.57,8.44,29.63,2571,104,0
2025-01-13 12:00:00,V002,Hyundai Creta,149568,79.27,31.83,12.56,8.43,29.79,2565,44,0
2025-01-14 00:00:00,V002,Hyundai Creta,149598,80.21,31.68,12.55,8.4,29.81,1024,117,0
2025-01-14 12:00:00,V002,Hyundai Creta,149628,79.33,31.62,12.52,8.38,29.87,1696,0,0
2025-01-15 00:00:00,V002,Hyundai Creta,149658,79.64,31.35,12.52,8.34,29.81,887,104,0
2025-01-15 12:00:00,V002,Hyundai Creta,149688,79.9,31.3,12.53,8.32,29.82,3596,94,0
2025-01-16 00:00:00,V002,Hyundai Creta,149718,80.18,30.96,12.53,8.31,30.05,2687,41,0
2025-01-16 12:00:00,V002,Hyundai Creta,149748,80.36,31.14,12.53,8.29,30.08,2056,77,0
2025-01-17 00:00:00,V002,Hyundai Creta,149778,80.27,30.98,12.54,8.27,30.1,3308,97,0
2025-01-17 12:00:00,V002,Hyundai Creta,149808,80.11,30.67,12.53,8.24,30.07,1256,98,0
2025-01-18 00:00:00,V002,Hyundai Creta,149838,79.85,30.51,12.51,8.23,30.11,963,44,0
2025-01-18 12:00:00,V002,Hyundai Creta,149868,79.98,30.36,12.53,8.22,30.14,1729,31,0
2025-01-19 00:00:00,V002,Hyundai Creta,149898,79.77,30.42,12.52,8.2,30.3,2046,79,0
2025-01-19 12:00:00,V002,Hyundai Creta,149928,79.67,30.21,12.51,8.19,30.36,3580,66,0
2025-01-20 00:00:00,V002,Hyundai Creta,149958,80.66,30.25,12.51,8.16,30.43,1220,114,0
2025-01-20 12:00:00,V002,Hyundai Creta,149988,80.73,30.24,12.5,8.13,30.8,2688,85,0
2025-01-21 00:00:00,V002,Hyundai Creta,150018,81.51,30.42,12.49,8.09,30.79,899,14,0
2025-01-21 12:00:00,V002,Hyundai Creta,150048,82.49,30.38,12.49,8.07,30.81,3068,74,0
2025-01-22 00:00:00,V002,Hyundai Creta,150078,82.54,30.19,12.49,8.06,30.87,3376,19,0
2025-01-22 12:00:00,V002,Hyundai Creta,150108,81.74,30.13,12.49,8.03,30.85,3595,11,0
2025-01-23 00:00:00,V002,Hyundai Creta,150138,81.55,30.09,12.48,8.0,30.94,2835,65,0
2025-01-23 12:00:00,V002,Hyundai Creta,150168,81.9,30.21,12.47,7.99,30.9,3756,92,0
2025-01-24 00:00:00,V002,Hyundai Creta,150198,81.81,29.96,12.47,7.96,30.64,1812,98,0
2025-01-24 12:00:00,V002,Hyundai Creta,150228,81.54,29.65,12.48,7.92,30.65,2282,10,0
2025-01-25 00:00:00,V002,Hyundai Creta,150258,82.12,29.44,12.49,7.89,30.74,1752,57,0
2025-01-25 12:00:00,V002,Hyundai Creta,150288,82.16,29.35,12.49,7.89,30.94,3672,12,0
2025-01-26 00:00:00,V002,Hyundai Creta,150318,81.67,29.12,12.47,7.87,30.92,959,105,0
2025-01-26 12:00:00,V002,Hyundai Creta,150348,81.71,28.68,12.47,7.85,31.0,3740,70,0
2025-01-27 00:00:00,V002,Hyundai Creta,150378,81.72,28.95,12.47,7.83,30.9,2690,52,0
2025-01-27 12:00:00,V002,Hyundai Creta,150408,81.96,28.95,12.47,7.81,30.85,2402,90,0
2025-01-28 00:00:00,V002,Hyundai Creta,150438,82.18,28.35,12.47,7.81,30.93,2026,52,0
2025-01-28 12:00:00,V002,Hyundai Creta,150468,81.91,28.24,12.46,7.8,30.74,1440,73,0
2025-01-29 00:00:00,V002,Hyundai Creta,150498,81.36,28.24,12.45,7.78,30.75,3620,27,0
2025-01-29 12:00:00,V002,Hyundai Creta,150528,80.57,28.47,12.45,7.75,30.7,3727,55,0
2025-01-30 00:00:00,V002,Hyundai Creta,150558,80.8,28.5,12.46,7.72,30.63,3454,92,0
2025-01-30 12:00:00,V002,Hyundai Creta,150588,81.5,28.21,12.45,7.7,30.65,1971,80,0
2025-01-31 00:00:00,V002,Hyundai Creta,150618,81.9,28.08,12.46,7.68,30.72,2508,88,0
2025-01-31 12:00:00,V002,Hyundai Creta,150648,82.81,28.06,12.46,7.67,30.73,1388,59,0
2025-02-01 00:00:00,V002,Hyundai Creta,150678,83.23,28.32,12.45,7.64,30.75,2326,56,0
2025-02-01 12:00:00,V002,Hyundai Creta,150708,83.83,28.24,12.46,7.62,30.76,3486,31,0
2025-02-02 00:00:00,V002,Hyundai Creta,150738,83.7,28.12,12.44,7.61,30.83,3764,88,0
2025-02-02 12:00:00,V002,Hyundai Creta,150768,83.78,28.31,12.44,7.57,30.82,1172,82,0
2025-02-03 00:00:00,V002,Hyundai Creta,150798,84.18,28.16,12.44,7.56,30.76,2838,20,0
2025-02-03 12:00:00,V002,Hyundai Creta,150828,84.3,28.12,12.44,7.54,30.69,2788,24,0
2025-02-04 00:00:00,V002,Hyundai Creta,150858,84.79,27.87,12.43,7.51,30.79,2144,110,0
2025-02-04 12:00:00,V002,Hyundai Creta,150888,84.7,28.03,12.42,7.5,30.8,3104,42,0
2025-02-05 00:00:00,V002,Hyundai Creta,150918,84.34,27.77,12.42,7.48,30.92,2321,119,0
2025-02-05 12:00:00,V002,Hyundai Creta,150948,84.55,27.36,12.42,7.46,30.75,2746,12,0
2025-02-06 00:00:00,V002,Hyundai Creta,150978,84.74,27.28,12.4,7.47,30.88,977,53,0
2025-02-06 12:00:00,V002,Hyundai Creta,151008,85.28,27.24,12.39,7.44,30.84,2969,52,0
2025-02-07 00:00:00,V002,Hyundai Creta,151038,85.43,27.19,12.4,7.42,30.91,3241,88,0
2025-02-07 12:00:00,V002,Hyundai Creta,151068,84.66,27.22,12.41,7.41,30.98,3837,33,0
2025-02-08 00:00:00,V002,Hyundai Creta,151098,84.82,27.04,12.41,7.38,31.02,2203,108,0
2025-02-08 12:00:00,V002,Hyundai Creta,151128,84.94,27.17,12.4,7.35,31.09,1109,10,0
2025-02-09 00:00:00,V002,Hyundai Creta,151158,84.8,27.26,12.39,7.32,31.24,945,96,0
2025-02-09 12:00:00,V002,Hyundai Creta,151188,84.92,27.1,12.38,7.3,31.09,2012,73,0
2025-02-10 00:00:00,V002,Hyundai Creta,151218,85.24,27.09,12.37,7.28,31.13,1457,73,0
2025-02-10 12:00:00,V002,Hyundai Creta,151248,85.49,26.91,12.35,7.27,31.07,1740,115,0
2025-02-11 00:00:00,V002,Hyundai Creta,151278,86.43,26.78,12.34,7.25,31.13,3540,95,0
2025-02-11 12:00:00,V002,Hyundai Creta,151308,87.12,26.33,12.35,7.23,31.17,2566,106,0
2025-02-12 00:00:00,V002,Hyundai Creta,151338,88.01,26.0,12.34,7.21,31.22,2254,93,0
2025-02-12 12:00:00,V002,Hyundai Creta,151368,87.91,25.6,12.33,7.18,31.21,3123,66,0
2025-02-13 00:00:00,V002,Hyundai Creta,151398,87.66,25.86,12.33,7.16,31.17,1777,75,0
2025-02-13 12:00:00,V002,Hyundai Creta,151428,87.63,25.57,12.33,7.14,31.0,1977,108,0
2025-02-14 00:00:00,V002,Hyundai Creta,151458,88.88,25.54,12.31,7.12,31.08,1139,54,0
2025-02-14 12:00:00,V002,Hyundai Creta,151488,89.07,25.38,12.32,7.09,31.06,3686,114,0
2025-02-15 00:00:00,V002,Hyundai Creta,151518,89.56,24.99,12.33,7.06,30.94,3435,71,1
2025-02-15 12:00:00,V002,Hyundai Creta,151548,90.01,24.9,12.32,7.03,31.11,3674,47,1
2025-02-16 00:00:00,V002,Hyundai Creta,151578,89.49,25.06,12.3,7.03,31.12,2658,3,0
2025-02-16 12:00:00,V002,Hyundai Creta,151608,89.45,24.88,12.29,7.02,31.09,3290,57,1
2025-02-17 00:00:00,V002,Hyundai Creta,151638,89.17,24.72,12.31,7.01,31.14,2848,105,1
2025-02-17 12:00:00,V002,Hyundai Creta,151668,89.69,24.17,12.31,6.99,31.14,2108,15,1
2025-02-18 00:00:00,V002,Hyundai Creta,151698,90.45,24.18,12.29,6.97,31.1,1089,36,1
2025-02-18 12:00:00,V002,Hyundai Creta,151728,90.25,23.97,12.29,6.95,31.13,925,35,1
2025-02-19 00:00:00,V002,Hyundai Creta,151758,90.32,23.81,12.29,6.96,31.17,3722,92,1
2025-02-19 12:00:00,V002,Hyundai Creta,151788,89.85,23.91,12.3,6.94,31.24,1081,71,1
2025-01-01 00:00:00,V003,Maruti Swift,124200,94.38,37.2,12.71,9.09,33.38,1976,115,0
2025-01-01 12:00:00,V003,Maruti Swift,124230,94.82,37.07,12.69,9.09,33.43,2131,81,0
2025-01-02 00:00:00,V003,Maruti Swift,124260,95.77,37.22,12.68,9.08,33.34,1963,20,0
2025-01-02 12:00:00,V003,Maruti Swift,124290,96.11,37.33,12.68,9.05,33.23,1253,96,0
2025-01-03 00:00:00,V003,Maruti Swift,124320,96.4,37.46,12.67,9.01,33.32,1047,97,0
2025-01-03 12:00:00,V003,Maruti Swift,124350,96.9,37.58,12.66,8.99,33.3,2590,60,0
2025-01-04 00:00:00,V003,Maruti Swift,124380,97.62,37.45,12.64,8.97,33.29,2240,69,0
2025-01-04 12:00:00,V003,Maruti Swift,124410,97.84,37.52,12.63,8.95,33.23,2809,59,0
2025-01-05 00:00:00,V003,Maruti Swift,124440,97.56,37.06,12.63,8.93,33.24,878,100,0
2025-01-05 12:00:00,V003,Maruti Swift,124470,97.66,37.26,12.61,8.92,33.45,3414,109,0
2025-01-06 00:00:00,V003,Maruti Swift,124500,98.47,37.24,12.61,8.9,33.56,3640,63,0
2025-01-06 12:00:00,V003,Maruti Swift,124530,98.63,37.11,12.61,8.89,33.61,1707,118,0
2025-01-07 00:00:00,V003,Maruti Swift,124560,99.55,37.03,12.61,8.84,33.91,1639,37,0
2025-01-07 12:00:00,V003,Maruti Swift,124590,98.38,37.32,12.62,8.84,34.02,1692,92,0
2025-01-08 00:00:00,V003,Maruti Swift,124620,98.77,36.73,12.62,8.8,33.82,2788,98,0
2025-01-08 12:00:00,V003,Maruti Swift,124650,99.56,36.56,12.6,8.78,33.81,1636,105,0
2025-01-09 00:00:00,V003,Maruti Swift,124680,99.97,36.16,12.59,8.76,33.97,2811,12,0
2025-01-09 12:00:00,V003,Maruti Swift,124710,100.33,36.13,12.6,8.74,34.11,1078,17,0
2025-01-10 00:00:00,V003,Maruti Swift,124740,99.95,36.31,12.59,8.72,34.15,3735,19,0
2025-01-10 12:00:00,V003,Maruti Swift,124770,99.59,36.35,12.58,8.71,33.95,1096,36,0
2025-01-11 00:00:00,V003,Maruti Swift,124800,99.88,35.91,12.59,8.69,33.92,1190,29,0
2025-01-11 12:00:00,V003,Maruti Swift,124830,100.31,35.59,12.6,8.67,33.99,2671,50,0
2025-01-12 00:00:00,V003,Maruti Swift,124860,100.32,35.71,12.58,8.64,33.97,952,20,0
2025-01-12 12:00:00,V003,Maruti Swift,124890,100.29,35.55,12.59,8.62,33.88,3750,27,0
2025-01-13 00:00:00,V003,Maruti Swift,124920,100.8,35.6,12.59,8.58,33.95,2458,52,0
2025-01-13 12:00:00,V003,Maruti Swift,124950,100.37,35.26,12.58,8.56,33.99,1839,58,0
2025-01-14 00:00:00,V003,Maruti Swift,124980,100.9,35.08,12.58,8.55,33.88,2510,67,0
2025-01-14 12:00:00,V003,Maruti Swift,125010,100.87,35.12,12.58,8.53,33.83,2163,102,0
2025-01-15 00:00:00,V003,Maruti Swift,125040,101.0,35.13,12.56,8.52,33.84,1003,4,0
2025-01-15 12:00:00,V003,Maruti Swift,125070,101.73,35.0,12.55,8.5,33.85,2640,22,0
2025-01-16 00:00:00,V003,Maruti Swift,125100,101.84,35.15,12.53,8.47,33.83,1406,86,0
2025-01-16 12:00:00,V003,Maruti Swift,125130,101.41,34.94,12.51,8.45,34.03,917,95,0
2025-01-17 00:00:00,V003,Maruti Swift,125160,100.73,34.85,12.51,8.43,33.82,2076,69,0
2025-01-17 12:00:00,V003,Maruti Swift,125190,100.59,34.7,12.52,8.4,33.78,2641,63,0
2025-01-18 00:00:00,V003,Maruti Swift,125220,100.69,34.61,12.51,8.38,33.87,2724,11,0
2025-01-18 12:00:00,V003,Maruti Swift,125250,100.16,34.61,12.51,8.37,33.75,2481,3,0
2025-01-19 00:00:00,V003,Maruti Swift,125280,99.84,34.46,12.51,8.34,33.88,2550,47,0
2025-01-19 12:00:00,V003,Maruti Swift,125310,99.7,34.28,12.52,8.31,33.88,3631,93,0
2025-01-20 00:00:00,V003,Maruti Swift,125340,100.57,34.16,12.51,8.29,33.89,1865,46,0
2025-01-20 12:00:00,V003,Maruti Swift,125370,100.43,34.27,12.5,8.27,33.82,1092,49,0
2025-01-21 00:00:00,V003,Maruti Swift,125400,101.17,33.92,12.49,8.24,33.75,3835,104,0
2025-01-21 12:00:00,V003,Maruti Swift,125430,100.44,34.04,12.48,8.22,33.93,2538,108,0
2025-01-22 00:00:00,V003,Maruti Swift,125460,100.72,33.74,12.47,8.22,33.96,3586,21,0
2025-01-22 12:00:00,V003,Maruti Swift,125490,101.18,33.81,12.46,8.2,34.06,3515,23,0
2025-01-23 00:00:00,V003,Maruti Swift,125520,101.06,33.56,12.44,8.17,33.95,1385,114,0
2025-01-23 12:00:00,V003,Maruti Swift,125550,101.41,33.6,12.43,8.14,33.79,3202,48,0
2025-01-24 00:00:00,V003,Maruti Swift,125580,101.64,33.7,12.44,8.12,33.77,1731,53,0
2025-01-24 12:00:00,V003,Maruti Swift,125610,101.04,33.41,12.43,8.11,33.91,2304,74,0
2025-01-25 00:00:00,V003,Maruti Swift,125640,101.33,32.83,12.43,8.1,33.8,1535,105,0
2025-01-25 12:00:00,V003,Maruti Swift,125670,101.0,32.67,12.42,8.06,33.77,2368,92,0
2025-01-26 00:00:00,V003,Maruti Swift,125700,101.49,32.6,12.39,8.04,33.67,806,120,0
2025-01-26 12:00:00,V003,Maruti Swift,125730,101.12,31.93,12.38,8.03,33.58,2229,39,0
2025-01-27 00:00:00,V003,Maruti Swift,125760,101.7,31.67,12.36,8.02,33.75,3113,71,0
2025-01-27 12:00:00,V003,Maruti Swift,125790,101.46,32.0,12.35,7.99,33.74,3039,27,0
2025-01-28 00:00:00,V003,Maruti Swift,125820,102.11,31.8,12.33,7.98,33.81,2527,20,0
2025-01-28 12:00:00,V003,Maruti Swift,125850,102.06,31.97,12.33,7.95,33.66,2500,7,0
2025-01-29 00:00:00,V003,Maruti Swift,125880,101.78,32.01,12.32,7.93,33.48,3590,17,0
2025-01-29 12:00:00,V003,Maruti Swift,125910,101.36,32.12,12.31,7.9,33.54,3412,42,0
2025-01-30 00:00:00,V003,Maruti Swift,125940,101.4,31.84,12.31,7.89,33.73,3392,97,0
2025-01-30 12:00:00,V003,Maruti Swift,125970,101.68,31.56,12.32,7.87,33.69,1625,5,0
2025-01-31 00:00:00,V003,Maruti Swift,126000,101.95,31.77,12.33,7.85,33.63,2805,98,0
2025-01-31 12:00:00,V003,Maruti Swift,126030,101.67,31.71,12.32,7.83,33.75,1570,4,0
2025-02-01 00:00:00,V003,Maruti Swift,126060,101.78,31.46,12.34,7.82,33.64,1185,59,0
2025-02-01 12:00:00,V003,Maruti Swift,126090,101.21,31.32,12.33,7.82,33.68,2776,106,0
2025-02-02 00:00:00,V003,Maruti Swift,126120,101.28,31.66,12.32,7.79,33.92,2451,11,0
2025-02-02 12:00:00,V003,Maruti Swift,126150,101.22,31.16,12.31,7.77,33.97,1313,44,0
2025-02-03 00:00:00,V003,Maruti Swift,126180,101.38,30.87,12.29,7.74,34.0,964,78,0
2025-02-03 12:00:00,V003,Maruti Swift,126210,102.17,30.5,12.29,7.72,34.15,2910,25,0
2025-02-04 00:00:00,V003,Maruti Swift,126240,102.85,30.6,12.28,7.71,34.25,1279,78,0
2025-02-04 12:00:00,V003,Maruti Swift,126270,102.96,30.47,12.27,7.67,34.13,1857,16,0
2025-02-05 00:00:00,V003,Maruti Swift,126300,103.34,30.03,12.27,7.66,34.22,1768,49,0
2025-02-05 12:00:00,V003,Maruti Swift,126330,103.93,29.56,12.27,7.65,34.33,911,52,0
2025-02-06 00:00:00,V003,Maruti Swift,126360,104.53,29.41,12.25,7.62,34.39,1376,45,0
2025-02-06 12:00:00,V003,Maruti Swift,126390,104.46,29.4,12.26,7.61,34.36,1949,73,0
2025-02-07 00:00:00,V003,Maruti Swift,126420,103.88,29.28,12.25,7.58,34.37,2846,31,0
2025-02-07 12:00:00,V003,Maruti Swift,126450,104.19,28.78,12.24,7.57,34.39,3354,56,0
2025-02-08 00:00:00,V003,Maruti Swift,126480,104.11,28.7,12.24,7.55,34.39,1780,48,0
2025-02-08 12:00:00,V003,Maruti Swift,126510,104.08,28.58,12.23,7.53,34.29,3302,109,0
2025-02-09 00:00:00,V003,Maruti Swift,126540,103.77,28.26,12.21,7.52,34.27,1317,77,0
2025-02-09 12:00:00,V003,Maruti Swift,126570,103.66,28.26,12.22,7.51,34.15,1816,102,0
2025-02-10 00:00:00,V003,Maruti Swift,126600,103.69,28.05,12.21,7.47,34.11,3762,111,0
2025-02-10 12:00:00,V003,Maruti Swift,126630,103.48,27.93,12.19,7.46,33.99,2057,10,0
2025-02-11 00:00:00,V003,Maruti Swift,126660,104.07,28.09,12.2,7.46,34.03,1590,106,0
2025-02-11 12:00:00,V003,Maruti Swift,126690,103.94,28.07,12.19,7.44,34.06,1282,90,0
2025-02-12 00:00:00,V003,Maruti Swift,126720,104.24,27.93,12.18,7.42,33.94,2873,2,0
2025-02-12 12:00:00,V003,Maruti Swift,126750,104.04,28.21,12.18,7.4,33.97,3513,119,0
2025-02-13 00:00:00,V003,Maruti Swift,126780,104.17,28.08,12.19,7.38,34.07,2158,91,0
2025-02-13 12:00:00,V003,Maruti Swift,126810,105.55,27.37,12.19,7.37,34.03,3019,3,0
2025-02-14 00:00:00,V003,Maruti Swift,126840,105.32,27.08,12.19,7.34,34.18,1884,81,0
2025-02-14 12:00:00,V003,Maruti Swift,126870,105.79,27.14,12.2,7.32,34.2,1154,55,0
2025-02-15 00:00:00,V003,Maruti Swift,126900,105.59,27.12,12.17,7.31,33.97,2987,97,0
2025-02-15 12:00:00,V003,Maruti Swift,126930,105.73,27.03,12.16,7.28,33.89,2446,55,0
2025-02-16 00:00:00,V003,Maruti Swift,126960,106.89,26.57,12.15,7.28,33.81,3589,20,0
2025-02-16 12:00:00,V003,Maruti Swift,126990,107.82,26.6,12.17,7.26,33.75,2215,31,0
2025-02-17 00:00:00,V003,Maruti Swift,127020,108.35,26.28,12.15,7.24,33.87,1121,104,0
2025-02-17 12:00:00,V003,Maruti Swift,127050,108.72,26.34,12.12,7.24,33.87,3789,71,0
2025-02-18 00:00:00,V003,Maruti Swift,127080,108.73,25.82,12.12,7.23,33.84,3388,3,0
2025-02-18 12:00:00,V003,Maruti Swift,127110,109.25,25.76,12.09,7.2,33.87,1696,23,0
2025-02-19 00:00:00,V003,Maruti Swift,127140,108.78,25.92,12.1,7.2,33.73,2883,112,0
2025-02-19 12:00:00,V003,Maruti Swift,127170,108.31,25.68,12.07,7.19,33.9,1686,34,0
2025-01-01 00:00:00,V004,Kia Seltos,67170,88.96,30.93,12.65,8.34,32.92,2216,27,0
2025-01-01 12:00:00,V004,Kia Seltos,67200,89.21,30.73,12.64,8.32,32.94,873,92,0
2025-01-02 00:00:00,V004,Kia Seltos,67230,89.95,30.6,12.64,8.29,32.93,1992,18,0
2025-01-02 12:00:00,V004,Kia Seltos,67260,90.54,30.52,12.64,8.28,33.2,3763,10,0
2025-01-03 00:00:00,V004,Kia Seltos,67290,91.82,30.42,12.64,8.28,33.2,2703,67,0
2025-01-03 12:00:00,V004,Kia Seltos,67320,93.02,30.47,12.66,8.27,33.16,3782,43,0
2025-01-04 00:00:00,V004,Kia Seltos,67350,93.53,30.52,12.64,8.26,33.13,3959,40,0
2025-01-04 12:00:00,V004,Kia Seltos,67380,93.95,30.56,12.64,8.25,33.28,1416,60,0
2025-01-05 00:00:00,V004,Kia Seltos,67410,94.17,30.58,12.64,8.23,33.26,3593,65,0
2025-01-05 12:00:00,V004,Kia Seltos,67440,93.89,30.28,12.65,8.21,33.22,3521,3,0
2025-01-06 00:00:00,V004,Kia Seltos,67470,94.01,30.05,12.65,8.19,33.16,1061,31,0
2025-01-06 12:00:00,V004,Kia Seltos,67500,94.07,30.0,12.64,8.18,33.17,1559,69,0
2025-01-07 00:00:00,V004,Kia Seltos,67530,93.45,29.99,12.63,8.16,33.03,2633,31,0
2025-01-07 12:00:00,V004,Kia Seltos,67560,93.45,29.79,12.61,8.14,33.08,3760,90,0
2025-01-08 00:00:00,V004,Kia Seltos,67590,93.34,29.49,12.6,8.12,33.15,1374,109,0
2025-01-08 12:00:00,V004,Kia Seltos,67620,93.23,29.33,12.6,8.11,33.14,803,39,0
2025-01-09 00:00:00,V004,Kia Seltos,67650,93.98,29.07,12.59,8.07,33.3,2455,17,0
2025-01-09 12:00:00,V004,Kia Seltos,67680,93.82,28.89,12.57,8.05,33.2,1686,32,0
2025-01-10 00:00:00,V004,Kia Seltos,67710,94.05,28.8,12.57,8.02,33.14,1098,29,0
2025-01-10 12:00:00,V004,Kia Seltos,67740,95.07,28.49,12.58,7.99,33.19,3872,81,0
2025-01-11 00:00:00,V004,Kia Seltos,67770,95.27,28.35,12.56,7.96,33.07,1031,31,0
2025-01-11 12:00:00,V004,Kia Seltos,67800,94.48,28.18,12.55,7.94,33.01,1727,90,0
2025-01-12 00:00:00,V004,Kia Seltos,67830,95.03,27.89,12.54,7.91,32.98,1741,33,0
2025-01-12 12:00:00,V004,Kia Seltos,67860,94.72,27.62,12.53,7.89,33.02,1641,30,0
2025-01-13 00:00:00,V004,Kia Seltos,67890,95.35,27.2,12.51,7.88,32.96,2307,25,0
2025-01-13 12:00:00,V004,Kia Seltos,67920,95.34,26.85,12.52,7.86,33.07,1678,32,0
2025-01-14 00:00:00,V004,Kia Seltos,67950,95.38,26.81,12.5,7.84,33.03,3006,8,0
2025-01-14 12:00:00,V004,Kia Seltos,67980,95.54,26.64,12.51,7.83,33.06,2250,83,0
2025-01-15 00:00:00,V004,Kia Seltos,68010,95.73,26.69,12.49,7.82,33.02,1652,26,0
2025-01-15 12:00:00,V004,Kia Seltos,68040,96.21,26.39,12.49,7.79,33.0,1222,49,0
2025-01-16 00:00:00,V004,Kia Seltos,68070,96.57,26.3,12.48,7.76,32.95,2694,61,0
2025-01-16 12:00:00,V004,Kia Seltos,68100,96.22,26.25,12.47,7.73,32.89,3251,48,0
2025-01-17 00:00:00,V004,Kia Seltos,68130,96.63,26.14,12.47,7.72,32.84,1143,75,0
2025-01-17 12:00:00,V004,Kia Seltos,68160,96.77,25.83,12.46,7.71,32.73,2755,23,0
2025-01-18 00:00:00,V004,Kia Seltos,68190,97.77,25.55,12.46,7.7,32.66,1144,52,0
2025-01-18 12:00:00,V004,Kia Seltos,68220,98.11,25.36,12.46,7.69,32.55,3471,35,0
2025-01-19 00:00:00,V004,Kia Seltos,68250,97.31,25.35,12.47,7.67,32.52,1807,91,0
2025-01-19 12:00:00,V004,Kia Seltos,68280,96.86,25.0,12.47,7.66,32.49,1522,107,1
2025-01-20 00:00:00,V004,Kia Seltos,68310,97.43,24.93,12.47,7.64,32.47,2937,25,1
2025-01-20 12:00:00,V004,Kia Seltos,68340,96.48,24.54,12.47,7.61,32.44,1033,16,1
2025-01-21 00:00:00,V004,Kia Seltos,68370,97.39,24.56,12.46,7.58,32.61,1435,13,1
2025-01-21 12:00:00,V004,Kia Seltos,68400,96.98,24.49,12.45,7.56,32.56,1656,54,1
2025-01-22 00:00:00,V004,Kia Seltos,68430,96.71,23.84,12.45,7.54,32.51,2135,107,1
2025-01-22 12:00:00,V004,Kia Seltos,68460,96.45,23.36,12.44,7.54,32.47,1966,63,1
2025-01-23 00:00:00,V004,Kia Seltos,68490,96.86,23.46,12.44,7.51,32.55,1199,13,1
2025-01-23 12:00:00,V004,Kia Seltos,68520,97.51,23.63,12.45,7.49,32.66,2631,74,1
2025-01-24 00:00:00,V004,Kia Seltos,68550,98.03,23.72,12.43,7.49,32.66,3052,84,1
2025-01-24 12:00:00,V004,Kia Seltos,68580,99.02,23.39,12.43,7.47,32.68,3944,32,1
2025-01-25 00:00:00,V004,Kia Seltos,68610,98.93,23.43,12.43,7.45,32.65,2435,31,1
2025-01-25 12:00:00,V004,Kia Seltos,68640,98.7,23.57,12.44,7.43,32.65,2901,30,1
2025-01-26 00:00:00,V004,Kia Seltos,68670,99.58,23.53,12.43,7.41,32.58,2488,55,1
2025-01-26 12:00:00,V004,Kia Seltos,68700,100.0,23.09,12.43,7.39,32.76,859,10,1
2025-01-27 00:00:00,V004,Kia Seltos,68730,99.7,23.29,12.43,7.37,32.69,2447,39,1
2025-01-27 12:00:00,V004,Kia Seltos,68760,101.08,23.11,12.44,7.35,32.53,2750,74,1
2025-01-28 00:00:00,V004,Kia Seltos,68790,100.92,22.74,12.44,7.32,32.46,2904,63,1
2025-01-28 12:00:00,V004,Kia Seltos,68820,101.11,22.41,12.43,7.29,32.68,3806,89,1
2025-01-29 00:00:00,V004,Kia Seltos,68850,100.93,22.52,12.42,7.26,32.59,1457,77,1
2025-01-29 12:00:00,V004,Kia Seltos,68880,102.08,22.21,12.4,7.24,32.52,2174,49,1
2025-01-30 00:00:00,V004,Kia Seltos,68910,102.64,22.07,12.4,7.21,32.45,1381,48,1
2025-01-30 12:00:00,V004,Kia Seltos,68940,103.58,22.17,12.39,7.2,32.16,3351,118,1
2025-01-31 00:00:00,V004,Kia Seltos,68970,103.74,22.09,12.39,7.18,32.0,967,26,1
2025-01-31 12:00:00,V004,Kia Seltos,69000,104.36,22.1,12.38,7.15,32.12,3836,50,1
2025-02-01 00:00:00,V004,Kia Seltos,69030,104.61,22.28,12.39,7.14,32.0,3950,54,1
2025-02-01 12:00:00,V004,Kia Seltos,69060,105.67,22.01,12.39,7.14,31.9,1887,56,1
2025-02-02 00:00:00,V004,Kia Seltos,69090,105.08,21.91,12.39,7.12,31.87,840,5,1
2025-02-02 12:00:00,V004,Kia Seltos,69120,105.04,22.17,12.38,7.1,31.9,1576,50,1
2025-02-03 00:00:00,V004,Kia Seltos,69150,105.56,21.95,12.37,7.1,31.96,2728,34,1
2025-02-03 12:00:00,V004,Kia Seltos,69180,105.39,21.68,12.36,7.08,32.26,1680,4,1
2025-02-04 00:00:00,V004,Kia Seltos,69210,105.39,21.88,12.36,7.05,32.2,1585,13,1
2025-02-04 12:00:00,V004,Kia Seltos,69240,105.36,21.49,12.36,7.03,32.23,1634,61,1
2025-02-05 00:00:00,V004,Kia Seltos,69270,106.45,21.62,12.35,7.02,32.21,981,115,1
2025-02-05 12:00:00,V004,Kia Seltos,69300,106.38,21.78,12.36,7.0,32.26,3053,42,1
2025-02-06 00:00:00,V004,Kia Seltos,69330,106.02,21.45,12.36,6.97,32.22,3054,114,1
2025-02-06 12:00:00,V004,Kia Seltos,69360,106.07,21.33,12.35,6.96,32.22,2224,12,1
2025-02-07 00:00:00,V004,Kia Seltos,69390,107.16,21.1,12.36,6.94,32.19,1522,84,1
2025-02-07 12:00:00,V004,Kia Seltos,69420,107.3,21.06,12.37,6.92,32.21,2004,101,1
2025-02-08 00:00:00,V004,Kia Seltos,69450,107.36,20.96,12.35,6.9,32.27,2675,18,1
2025-02-08 12:00:00,V004,Kia Seltos,69480,108.06,20.57,12.35,6.89,32.23,1885,113,1
2025-02-09 00:00:00,V004,Kia Seltos,69510,108.73,20.57,12.33,6.86,32.25,2009,85,1
2025-02-09 12:00:00,V004,Kia Seltos,69540,108.86,20.17,12.32,6.85,32.41,1332,86,1
2025-02-10 00:00:00,V004,Kia Seltos,69570,108.75,20.08,12.31,6.82,32.12,2934,58,1
2025-02-10 12:00:00,V004,Kia Seltos,69600,108.9,19.9,12.28,6.81,32.24,3588,82,1
2025-02-11 00:00:00,V004,Kia Seltos,69630,109.56,19.73,12.27,6.79,32.15,1655,1,1
2025-02-11 12:00:00,V004,Kia Seltos,69660,110.47,19.48,12.27,6.77,32.27,3445,49,1
2025-02-12 00:00:00,V004,Kia Seltos,69690,110.35,19.33,12.21,6.73,32.19,1475,34,1
2025-02-12 12:00:00,V004,Kia Seltos,69720,111.08,19.52,12.2,6.72,32.09,2692,95,1
2025-02-13 00:00:00,V004,Kia Seltos,69750,111.04,19.43,12.18,6.72,32.07,885,85,1
2025-02-13 12:00:00,V004,Kia Seltos,69780,111.45,19.37,12.19,6.7,32.03,1760,95,1
2025-02-14 00:00:00,V004,Kia Seltos,69810,111.58,19.0,12.18,6.66,31.9,3024,105,1
2025-02-14 12:00:00,V004,Kia Seltos,69840,112.07,18.96,12.17,6.64,31.97,2017,6,1
2025-02-15 00:00:00,V004,Kia Seltos,69870,111.91,18.84,12.16,6.62,31.96,3114,70,1
2025-02-15 12:00:00,V004,Kia Seltos,69900,111.25,18.45,12.16,6.59,32.1,3495,18,1
2025-02-16 00:00:00,V004,Kia Seltos,69930,111.19,18.54,12.15,6.58,32.03,1520,65,1
2025-02-16 12:00:00,V004,Kia Seltos,69960,112.13,18.47,12.14,6.57,32.14,1857,119,1
2025-02-17 00:00:00,V004,Kia Seltos,69990,112.63,18.14,12.14,6.54,32.15,1531,5,1
2025-02-17 12:00:00,V004,Kia Seltos,70020,112.52,17.74,12.11,6.51,32.33,3606,2,1
2025-02-18 00:00:00,V004,Kia Seltos,70050,113.67,17.89,12.12,6.49,32.42,3748,53,1
2025-02-18 12:00:00,V004,Kia Seltos,70080,114.1,17.99,12.12,6.49,32.44,2226,16,1
2025-02-19 00:00:00,V004,Kia Seltos,70110,114.12,17.97,12.12,6.46,32.55,2723,86,1
2025-02-19 12:00:00,V004,Kia Seltos,70140,113.84,17.68,12.12,6.43,32.6,1378,79,1
2025-01-01 00:00:00,V005,Mahindra XUV700,88989,92.68,31.93,12.43,8.49,31.09,2222,104,0
2025-01-01 12:00:00,V005,Mahindra XUV700,89019,92.92,31.87,12.4,8.46,31.07,3973,31,0
2025-01-02 00:00:00,V005,Mahindra XUV700,89049,91.92,32.02,12.42,8.45,31.07,2490,51,0
2025-01-02 12:00:00,V005,Mahindra XUV700,89079,91.73,32.15,12.4,8.43,31.17,1107,71,0
2025-01-03 00:00:00,V005,Mahindra XUV700,89109,92.22,32.24,12.39,8.41,31.29,1986,118,0
2025-01-03 12:00:00,V005,Mahindra XUV700,89139,92.48,32.15,12.38,8.38,31.3,3506,31,0
2025-01-04 00:00:00,V005,Mahindra XUV700,89169,92.27,31.9,12.36,8.35,31.51,2517,16,0
2025-01-04 12:00:00,V005,Mahindra XUV700,89199,92.37,31.69,12.35,8.33,31.53,3051,95,0
2025-01-05 00:00:00,V005,Mahindra XUV700,89229,92.54,31.18,12.34,8.29,31.57,1032,45,0
2025-01-05 12:00:00,V005,Mahindra XUV700,89259,92.81,31.25,12.32,8.28,31.58,1753,5,0
2025-01-06 00:00:00,V005,Mahindra XUV700,89289,92.04,31.0,12.32,8.27,31.47,3544,93,0
2025-01-06 12:00:00,V005,Mahindra XUV700,89319,92.5,31.11,12.32,8.24,31.38,3865,64,0
2025-01-07 00:00:00,V005,Mahindra XUV700,89349,93.17,31.08,12.31,8.24,31.46,1031,113,0
2025-01-07 12:00:00,V005,Mahindra XUV700,89379,93.08,31.16,12.31,8.22,31.46,3255,2,0
2025-01-08 00:00:00,V005,Mahindra XUV700,89409,92.99,30.8,12.29,8.2,31.61,3233,27,0
2025-01-08 12:00:00,V005,Mahindra XUV700,89439,92.68,30.63,12.28,8.18,31.75,3936,114,0
2025-01-09 00:00:00,V005,Mahindra XUV700,89469,91.91,30.32,12.28,8.18,31.76,1940,80,0
2025-01-09 12:00:00,V005,Mahindra XUV700,89499,92.18,30.37,12.27,8.17,31.61,2405,97,0
2025-01-10 00:00:00,V005,Mahindra XUV700,89529,92.53,30.25,12.26,8.14,31.74,2550,48,0
2025-01-10 12:00:00,V005,Mahindra XUV700,89559,93.77,29.98,12.25,8.12,31.54,3146,42,0
2025-01-11 00:00:00,V005,Mahindra XUV700,89589,94.02,30.01,12.23,8.09,31.47,2756,51,0
2025-01-11 12:00:00,V005,Mahindra XUV700,89619,94.52,30.1,12.24,8.06,31.46,2039,27,0
2025-01-12 00:00:00,V005,Mahindra XUV700,89649,94.84,30.17,12.22,8.05,31.5,2445,96,0
2025-01-12 12:00:00,V005,Mahindra XUV700,89679,95.47,30.26,12.21,8.03,31.65,1500,87,0
2025-01-13 00:00:00,V005,Mahindra XUV700,89709,95.96,30.06,12.21,8.0,31.74,1939,29,0
2025-01-13 12:00:00,V005,Mahindra XUV700,89739,95.9,30.2,12.21,7.98,31.63,2499,12,0
2025-01-14 00:00:00,V005,Mahindra XUV700,89769,96.42,29.9,12.21,7.96,31.55,2939,31,0
2025-01-14 12:00:00,V005,Mahindra XUV700,89799,96.57,29.74,12.22,7.94,31.7,3942,26,0
2025-01-15 00:00:00,V005,Mahindra XUV700,89829,97.08,29.57,12.22,7.9,31.63,3969,118,0
2025-01-15 12:00:00,V005,Mahindra XUV700,89859,97.97,29.37,12.2,7.87,31.65,3253,107,0
2025-01-16 00:00:00,V005,Mahindra XUV700,89889,97.52,29.5,12.17,7.86,31.65,1904,18,0
2025-01-16 12:00:00,V005,Mahindra XUV700,89919,97.9,29.39,12.17,7.85,31.67,2448,86,0
2025-01-17 00:00:00,V005,Mahindra XUV700,89949,97.1,29.36,12.17,7.83,31.84,1811,90,0
2025-01-17 12:00:00,V005,Mahindra XUV700,89979,96.53,29.04,12.16,7.81,31.74,2278,9,0
2025-01-18 00:00:00,V005,Mahindra XUV700,90009,96.75,29.3,12.18,7.77,31.71,822,90,0
2025-01-18 12:00:00,V005,Mahindra XUV700,90039,96.04,29.44,12.18,7.75,31.91,2629,35,0
2025-01-19 00:00:00,V005,Mahindra XUV700,90069,95.66,29.23,12.17,7.73,31.84,1739,106,0
2025-01-19 12:00:00,V005,Mahindra XUV700,90099,95.89,29.03,12.17,7.71,31.75,2609,47,0
2025-01-20 00:00:00,V005,Mahindra XUV700,90129,96.77,28.72,12.15,7.69,31.71,3704,44,0
2025-01-20 12:00:00,V005,Mahindra XUV700,90159,96.78,28.66,12.14,7.68,31.71,2612,75,0
2025-01-21 00:00:00,V005,Mahindra XUV700,90189,96.44,28.5,12.14,7.64,31.78,1299,46,0
2025-01-21 12:00:00,V005,Mahindra XUV700,90219,97.21,28.29,12.14,7.62,31.68,2207,6,0
2025-01-22 00:00:00,V005,Mahindra XUV700,90249,97.43,28.72,12.14,7.59,31.57,3065,64,0
2025-01-22 12:00:00,V005,Mahindra XUV700,90279,97.67,28.61,12.15,7.56,31.48,3688,63,0
2025-01-23 00:00:00,V005,Mahindra XUV700,90309,98.5,28.51,12.16,7.53,31.49,1412,28,0
2025-01-23 12:00:00,V005,Mahindra XUV700,90339,98.39,28.38,12.17,7.51,31.34,884,113,0
2025-01-24 00:00:00,V005,Mahindra XUV700,90369,98.78,28.49,12.17,7.48,31.29,3332,96,0
2025-01-24 12:00:00,V005,Mahindra XUV700,90399,98.49,28.27,12.16,7.45,31.26,3463,120,0
2025-01-25 00:00:00,V005,Mahindra XUV700,90429,99.81,28.29,12.16,7.43,30.94,3614,25,0
2025-01-25 12:00:00,V005,Mahindra XUV700,90459,100.07,28.42,12.16,7.41,30.91,3303,9,0
2025-01-26 00:00:00,V005,Mahindra XUV700,90489,100.01,28.19,12.16,7.39,30.83,3382,97,0
2025-01-26 12:00:00,V005,Mahindra XUV700,90519,99.3,28.09,12.17,7.36,30.75,1466,46,0
2025-01-27 00:00:00,V005,Mahindra XUV700,90549,99.88,28.14,12.17,7.33,30.79,2005,89,0
2025-01-27 12:00:00,V005,Mahindra XUV700,90579,99.85,28.14,12.16,7.3,30.69,2723,120,0
2025-01-28 00:00:00,V005,Mahindra XUV700,90609,99.62,28.24,12.15,7.29,30.72,2067,35,0
2025-01-28 12:00:00,V005,Mahindra XUV700,90639,99.61,28.19,12.14,7.27,30.7,2401,87,0
2025-01-29 00:00:00,V005,Mahindra XUV700,90669,99.91,28.11,12.14,7.26,30.76,1843,88,0
2025-01-29 12:00:00,V005,Mahindra XUV700,90699,100.25,28.34,12.14,7.23,30.79,961,22,0
2025-01-30 00:00:00,V005,Mahindra XUV700,90729,100.01,28.1,12.13,7.22,30.95,3436,26,0
2025-01-30 12:00:00,V005,Mahindra XUV700,90759,100.37,27.98,12.12,7.2,30.85,808,64,0
2025-01-31 00:00:00,V005,Mahindra XUV700,90789,99.33,27.78,12.11,7.2,30.92,1728,102,0
2025-01-31 12:00:00,V005,Mahindra XUV700,90819,99.46,27.52,12.1,7.18,30.98,2409,111,0
2025-02-01 00:00:00,V005,Mahindra XUV700,90849,99.65,27.33,12.11,7.16,30.99,3584,104,0
2025-02-01 12:00:00,V005,Mahindra XUV700,90879,100.08,27.38,12.09,7.13,30.93,3161,6,0
2025-02-02 00:00:00,V005,Mahindra XUV700,90909,100.25,27.27,12.08,7.13,31.01,1788,120,0
2025-02-02 12:00:00,V005,Mahindra XUV700,90939,100.47,27.45,12.08,7.11,31.04,3656,56,0
2025-02-03 00:00:00,V005,Mahindra XUV700,90969,100.52,27.11,12.08,7.09,31.12,1663,78,0
2025-02-03 12:00:00,V005,Mahindra XUV700,90999,101.53,27.19,12.07,7.08,31.16,2956,117,0
2025-02-04 00:00:00,V005,Mahindra XUV700,91029,101.83,27.45,12.05,7.07,31.2,2950,43,0
2025-02-04 12:00:00,V005,Mahindra XUV700,91059,101.8,27.23,12.07,7.04,31.4,1139,67,0
2025-02-05 00:00:00,V005,Mahindra XUV700,91089,101.22,27.18,12.06,7.02,31.38,1426,16,0
2025-02-05 12:00:00,V005,Mahindra XUV700,91119,101.77,27.2,12.06,7.0,31.36,2481,116,0
2025-02-06 00:00:00,V005,Mahindra XUV700,91149,102.41,27.37,12.06,6.99,31.32,918,107,0
2025-02-06 12:00:00,V005,Mahindra XUV700,91179,102.45,27.43,12.05,6.95,31.34,2093,101,0
2025-02-07 00:00:00,V005,Mahindra XUV700,91209,102.96,27.41,12.04,6.91,31.21,1940,87,0
2025-02-07 12:00:00,V005,Mahindra XUV700,91239,102.89,27.02,12.04,6.89,31.06,2777,84,0
2025-02-08 00:00:00,V005,Mahindra XUV700,91269,103.99,27.46,12.05,6.87,31.07,1054,9,0
2025-02-08 12:00:00,V005,Mahindra XUV700,91299,103.82,27.24,12.05,6.84,31.0,3403,34,0
2025-02-09 00:00:00,V005,Mahindra XUV700,91329,103.82,27.31,12.02,6.82,31.17,1655,103,0
2025-02-09 12:00:00,V005,Mahindra XUV700,91359,104.21,27.05,12.02,6.78,31.29,2665,37,0
2025-02-10 00:00:00,V005,Mahindra XUV700,91389,104.88,26.92,12.02,6.77,31.26,1738,65,0
2025-02-10 12:00:00,V005,Mahindra XUV700,91419,105.58,26.93,12.01,6.76,31.23,1371,65,0
2025-02-11 00:00:00,V005,Mahindra XUV700,91449,105.55,26.85,12.01,6.76,31.14,2825,55,0
2025-02-11 12:00:00,V005,Mahindra XUV700,91479,106.19,26.69,12.0,6.75,30.99,816,120,0
2025-02-12 00:00:00,V005,Mahindra XUV700,91509,104.68,26.64,12.0,6.74,31.05,3027,87,0
2025-02-12 12:00:00,V005,Mahindra XUV700,91539,104.52,26.3,12.0,6.71,31.12,3244,88,0
2025-02-13 00:00:00,V005,Mahindra XUV700,91569,104.29,26.13,11.99,6.7,31.27,3858,37,0
2025-02-13 12:00:00,V005,Mahindra XUV700,91599,104.66,26.13,12.01,6.67,31.24,1600,108,0
2025-02-14 00:00:00,V005,Mahindra XUV700,91629,104.76,25.93,11.99,6.65,31.29,2267,79,0
2025-02-14 12:00:00,V005,Mahindra XUV700,91659,105.13,25.91,11.98,6.62,31.18,3065,13,0
2025-02-15 00:00:00,V005,Mahindra XUV700,91689,104.76,25.76,11.98,6.6,31.13,1802,64,0
2025-02-15 12:00:00,V005,Mahindra XUV700,91719,105.13,25.61,11.98,6.59,31.19,1699,96,0
2025-02-16 00:00:00,V005,Mahindra XUV700,91749,105.23,25.56,11.96,6.56,31.28,1614,50,0
2025-02-16 12:00:00,V005,Mahindra XUV700,91779,105.37,25.86,11.92,6.53,31.45,2231,58,0
2025-02-17 00:00:00,V005,Mahindra XUV700,91809,105.6,25.65,11.92,6.5,31.36,1735,3,0
2025-02-17 12:00:00,V005,Mahindra XUV700,91839,105.84,25.69,11.91,6.49,31.31,1510,95,0
2025-02-18 00:00:00,V005,Mahindra XUV700,91869,107.0,25.45,11.91,6.47,31.26,1448,38,0
2025-02-18 12:00:00,V005,Mahindra XUV700,91899,106.93,25.47,11.92,6.45,31.3,1533,49,0
2025-02-19 00:00:00,V005,Mahindra XUV700,91929,107.08,25.28,11.92,6.44,31.22,882,67,0
2025-02-19 12:00:00,V005,Mahindra XUV700,91959,107.24,24.93,11.92,6.42,31.27,1196,29,1
2025-01-01 00:00:00,V006,Honda City,139915,90.96,36.85,12.62,9.01,32.87,1974,37,0
2025-01-01 12:00:00,V006,Honda City,139945,91.21,36.58,12.62,8.99,32.9,1999,49,0
2025-01-02 00:00:00,V006,Honda City,139975,91.83,36.69,12.62,8.97,32.98,1777,98,0
2025-01-02 12:00:00,V006,Honda City,140005,92.72,36.84,12.61,8.96,33.04,2752,72,0
2025-01-03 00:00:00,V006,Honda City,140035,93.19,36.45,12.59,8.94,33.03,3994,12,0
2025-01-03 12:00:00,V006,Honda City,140065,94.13,36.52,12.59,8.91,33.13,1298,111,0
2025-01-04 00:00:00,V006,Honda City,140095,92.89,36.58,12.58,8.89,33.19,2055,96,0
2025-01-04 12:00:00,V006,Honda City,140125,93.03,36.2,12.58,8.88,33.31,2141,71,0
2025-01-05 00:00:00,V006,Honda City,140155,93.54,35.96,12.56,8.86,33.41,2051,101,0
2025-01-05 12:00:00,V006,Honda City,140185,93.56,35.88,12.56,8.84,33.25,3039,29,0
2025-01-06 00:00:00,V006,Honda City,140215,94.56,35.88,12.55,8.81,33.23,3234,6,0
2025-01-06 12:00:00,V006,Honda City,140245,94.91,35.97,12.55,8.8,33.24,1475,52,0
2025-01-07 00:00:00,V006,Honda City,140275,94.86,36.19,12.57,8.8,33.22,1790,72,0
2025-01-07 12:00:00,V006,Honda City,140305,95.13,35.9,12.56,8.77,33.23,2851,26,0
2025-01-08 00:00:00,V006,Honda City,140335,95.69,35.5,12.55,8.73,33.24,3710,26,0
2025-01-08 12:00:00,V006,Honda City,140365,95.56,35.21,12.55,8.71,33.31,2770,97,0
2025-01-09 00:00:00,V006,Honda City,140395,95.63,35.24,12.55,8.66,33.25,1959,10,0
2025-01-09 12:00:00,V006,Honda City,140425,96.15,35.02,12.54,8.65,33.24,2391,95,0
2025-01-10 00:00:00,V006,Honda City,140455,95.77,35.05,12.52,8.62,33.2,3557,48,0
2025-01-10 12:00:00,V006,Honda City,140485,95.06,35.21,12.53,8.58,33.32,1127,48,0
2025-01-11 00:00:00,V006,Honda City,140515,94.71,35.31,12.52,8.57,33.28,1662,105,0
2025-01-11 12:00:00,V006,Honda City,140545,94.15,35.19,12.51,8.56,33.13,1516,77,0
2025-01-12 00:00:00,V006,Honda City,140575,94.36,35.26,12.51,8.55,33.15,1137,44,0
2025-01-12 12:00:00,V006,Honda City,140605,95.04,35.22,12.51,8.53,33.12,1691,87,0
2025-01-13 00:00:00,V006,Honda City,140635,95.59,35.48,12.51,8.53,33.14,3380,91,0
2025-01-13 12:00:00,V006,Honda City,140665,95.07,35.28,12.5,8.5,33.31,1886,11,0
2025-01-14 00:00:00,V006,Honda City,140695,95.43,34.7,12.52,8.46,33.44,1359,1,0
2025-01-14 12:00:00,V006,Honda City,140725,95.87,34.71,12.53,8.43,33.32,895,19,0
2025-01-15 00:00:00,V006,Honda City,140755,95.77,34.61,12.53,8.41,33.02,1275,73,0
2025-01-15 12:00:00,V006,Honda City,140785,96.06,34.52,12.53,8.38,32.98,1922,94,0
2025-01-16 00:00:00,V006,Honda City,140815,94.89,34.67,12.52,8.37,32.96,2050,13,0
2025-01-16 12:00:00,V006,Honda City,140845,94.96,34.57,12.5,8.34,32.81,3438,31,0
2025-01-17 00:00:00,V006,Honda City,140875,96.05,34.55,12.49,8.31,32.77,1884,62,0
2025-01-17 12:00:00,V006,Honda City,140905,95.81,34.15,12.48,8.28,32.7,1659,11,0
2025-01-18 00:00:00,V006,Honda City,140935,96.19,33.9,12.48,8.25,32.62,2413,58,0
2025-01-18 12:00:00,V006,Honda City,140965,96.98,33.9,12.48,8.23,32.43,3179,49,0
2025-01-19 00:00:00,V006,Honda City,140995,96.74,33.7,12.47,8.22,32.44,1318,70,0
2025-01-19 12:00:00,V006,Honda City,141025,96.68,33.67,12.48,8.21,32.62,2874,86,0
2025-01-20 00:00:00,V006,Honda City,141055,97.0,33.16,12.48,8.19,32.66,1932,50,0
2025-01-20 12:00:00,V006,Honda City,141085,97.33,33.28,12.47,8.16,32.72,1180,86,0
2025-01-21 00:00:00,V006,Honda City,141115,96.79,32.9,12.45,8.13,32.56,3484,22,0
2025-01-21 12:00:00,V006,Honda City,141145,97.03,32.79,12.44,8.1,32.51,828,50,0
2025-01-22 00:00:00,V006,Honda City,141175,97.49,32.96,12.45,8.08,32.55,3584,102,0
2025-01-22 12:00:00,V006,Honda City,141205,96.97,32.99,12.43,8.07,32.43,1803,113,0
2025-01-23 00:00:00,V006,Honda City,141235,98.17,32.83,12.43,8.06,32.23,1922,42,0
2025-01-23 12:00:00,V006,Honda City,141265,97.92,32.5,12.44,8.04,32.29,1864,10,0
2025-01-24 00:00:00,V006,Honda City,141295,98.28,32.45,12.43,8.02,32.13,1620,23,0
2025-01-24 12:00:00,V006,Honda City,141325,97.54,32.33,12.42,8.01,31.99,2748,67,0
2025-01-25 00:00:00,V006,Honda City,141355,97.17,32.54,12.42,8.0,32.09,844,96,0
2025-01-25 12:00:00,V006,Honda City,141385,98.27,32.75,12.41,7.98,32.19,2368,100,0
2025-01-26 00:00:00,V006,Honda City,141415,98.26,32.97,12.4,7.95,32.1,3752,88,0
2025-01-26 12:00:00,V006,Honda City,141445,97.61,32.81,12.38,7.92,32.03,3918,119,0
2025-01-27 00:00:00,V006,Honda City,141475,97.38,32.55,12.37,7.91,31.99,3873,50,0
2025-01-27 12:00:00,V006,Honda City,141505,96.81,32.31,12.37,7.89,31.88,2282,86,0
2025-01-28 00:00:00,V006,Honda City,141535,97.23,32.41,12.36,7.87,31.81,846,22,0
2025-01-28 12:00:00,V006,Honda City,141565,98.01,32.41,12.34,7.86,31.85,3965,54,0
2025-01-29 00:00:00,V006,Honda City,141595,98.08,32.12,12.35,7.85,31.76,848,51,0
2025-01-29 12:00:00,V006,Honda City,141625,98.03,32.05,12.35,7.83,31.82,1699,64,0
2025-01-30 00:00:00,V006,Honda City,141655,98.27,31.61,12.34,7.79,31.73,820,117,0
2025-01-30 12:00:00,V006,Honda City,141685,98.32,31.44,12.31,7.78,31.81,3858,113,0
2025-01-31 00:00:00,V006,Honda City,141715,98.1,31.42,12.31,7.78,31.89,3675,26,0
2025-01-31 12:00:00,V006,Honda City,141745,97.98,31.35,12.31,7.76,31.97,2101,16,0
2025-02-01 00:00:00,V006,Honda City,141775,98.18,31.29,12.31,7.74,32.13,3575,101,0
2025-02-01 12:00:00,V006,Honda City,141805,98.6,31.07,12.31,7.72,32.18,3918,92,0
2025-02-02 00:00:00,V006,Honda City,141835,98.75,31.16,12.32,7.71,32.31,2085,118,0
2025-02-02 12:00:00,V006,Honda City,141865,99.41,30.96,12.32,7.68,32.22,2924,37,0
2025-02-03 00:00:00,V006,Honda City,141895,99.86,31.05,12.32,7.65,32.3,3818,29,0
2025-02-03 12:00:00,V006,Honda City,141925,99.88,30.66,12.31,7.63,32.42,2967,70,0
2025-02-04 00:00:00,V006,Honda City,141955,98.86,30.76,12.3,7.6,32.48,3688,114,0
2025-02-04 12:00:00,V006,Honda City,141985,99.3,30.4,12.28,7.59,32.56,3148,32,0
2025-02-05 00:00:00,V006,Honda City,142015,99.32,30.45,12.26,7.58,32.51,3677,90,0
2025-02-05 12:00:00,V006,Honda City,142045,98.87,30.36,12.26,7.57,32.46,3979,0,0
2025-02-06 00:00:00,V006,Honda City,142075,98.66,30.39,12.27,7.55,32.31,1881,75,0
2025-02-06 12:00:00,V006,Honda City,142105,99.17,30.47,12.26,7.53,32.42,3796,46,0
2025-02-07 00:00:00,V006,Honda City,142135,99.6,30.41,12.26,7.52,32.41,3994,102,0
2025-02-07 12:00:00,V006,Honda City,142165,100.42,30.26,12.25,7.5,32.28,2172,84,0
2025-02-08 00:00:00,V006,Honda City,142195,100.27,29.97,12.26,7.47,32.5,3825,9,0
2025-02-08 12:00:00,V006,Honda City,142225,99.52,29.74,12.26,7.46,32.61,3941,30,0
2025-02-09 00:00:00,V006,Honda City,142255,99.42,29.55,12.23,7.45,32.7,3761,17,0
2025-02-09 12:00:00,V006,Honda City,142285,99.54,29.32,12.23,7.45,32.63,3187,7,0
2025-02-10 00:00:00,V006,Honda City,142315,100.42,28.87,12.22,7.43,32.56,3793,2,0
2025-02-10 12:00:00,V006,Honda City,142345,100.6,28.69,12.2,7.4,32.52,1128,103,0
2025-02-11 00:00:00,V006,Honda City,142375,101.16,28.64,12.19,7.39,32.6,3273,97,0
2025-02-11 12:00:00,V006,Honda City,142405,99.7,28.35,12.2,7.35,32.74,2513,54,0
2025-02-12 00:00:00,V006,Honda City,142435,99.72,28.24,12.19,7.31,32.76,3226,44,0
2025-02-12 12:00:00,V006,Honda City,142465,99.55,28.06,12.18,7.28,32.72,838,51,0
2025-02-13 00:00:00,V006,Honda City,142495,99.06,28.08,12.19,7.26,32.61,3264,64,0
2025-02-13 12:00:00,V006,Honda City,142525,99.14,28.18,12.2,7.25,32.87,3852,80,0
2025-02-14 00:00:00,V006,Honda City,142555,99.96,28.79,12.19,7.24,32.78,1822,13,0
2025-02-14 12:00:00,V006,Honda City,142585,99.86,28.57,12.17,7.22,32.73,3065,20,0
2025-02-15 00:00:00,V006,Honda City,142615,101.0,28.48,12.15,7.22,32.78,2297,30,0
2025-02-15 12:00:00,V006,Honda City,142645,100.8,28.25,12.15,7.21,32.78,2614,28,0
2025-02-16 00:00:00,V006,Honda City,142675,100.84,27.75,12.15,7.2,32.87,2204,47,0
2025-02-16 12:00:00,V006,Honda City,142705,101.65,27.38,12.13,7.17,32.8,3121,26,0
2025-02-17 00:00:00,V006,Honda City,142735,101.9,27.51,12.14,7.15,32.75,1436,8,0
2025-02-17 12:00:00,V006,Honda City,142765,102.29,27.28,12.12,7.13,32.72,1197,108,0
2025-02-18 00:00:00,V006,Honda City,142795,102.48,27.08,12.11,7.12,32.78,1628,63,0
2025-02-18 12:00:00,V006,Honda City,142825,103.24,26.76,12.1,7.08,32.7,2699,10,0
2025-02-19 00:00:00,V006,Honda City,142855,102.46,26.52,12.1,7.05,32.83,2827,102,0
2025-02-19 12:00:00,V006,Honda City,142885,102.81,26.53,12.08,7.04,32.7,2618,44,0
2025-01-01 00:00:00,V007,Toyota Innova,94970,90.76,31.83,12.45,9.27,33.17,1802,117,0
2025-01-01 12:00:00,V007,Toyota Innova,95000,91.37,31.7,12.46,9.24,33.02,841,79,0
2025-01-02 00:00:00,V007,Toyota Innova,95030,92.05,31.88,12.44,9.22,33.09,2807,87,0
2025-01-02 12:00:00,V007,Toyota Innova,95060,92.43,32.08,12.43,9.2,33.23,3121,5,0
2025-01-03 00:00:00,V007,Toyota Innova,95090,91.9,32.1,12.42,9.19,33.13,1381,119,0
2025-01-03 12:00:00,V007,Toyota Innova,95120,91.78,31.48,12.42,9.16,32.97,1883,5,0
2025-01-04 00:00:00,V007,Toyota Innova,95150,91.54,31.35,12.42,9.13,33.09,1031,79,0
2025-01-04 12:00:00,V007,Toyota Innova,95180,92.16,30.95,12.42,9.1,32.95,3626,92,0
2025-01-05 00:00:00,V007,Toyota Innova,95210,92.85,30.98,12.43,9.07,32.98,1695,23,0
2025-01-05 12:00:00,V007,Toyota Innova,95240,93.38,31.21,12.42,9.06,32.89,1289,26,0
2025-01-06 00:00:00,V007,Toyota Innova,95270,93.96,31.29,12.4,9.06,32.68,1911,18,0
2025-01-06 12:00:00,V007,Toyota Innova,95300,93.38,31.52,12.39,9.04,32.6,3872,99,0
2025-01-07 00:00:00,V007,Toyota Innova,95330,93.75,31.2,12.37,9.02,32.67,3849,108,0
2025-01-07 12:00:00,V007,Toyota Innova,95360,93.69,31.04,12.35,8.99,32.57,2943,117,0
2025-01-08 00:00:00,V007,Toyota Innova,95390,93.97,30.96,12.33,8.96,32.51,2825,117,0
2025-01-08 12:00:00,V007,Toyota Innova,95420,94.34,30.84,12.32,8.94,32.45,1303,107,0
2025-01-09 00:00:00,V007,Toyota Innova,95450,94.54,30.63,12.33,8.93,32.54,3598,3,0
2025-01-09 12:00:00,V007,Toyota Innova,95480,95.69,30.14,12.31,8.92,32.53,3343,12,0
2025-01-10 00:00:00,V007,Toyota Innova,95510,96.1,30.52,12.31,8.92,32.62,1217,120,0
2025-01-10 12:00:00,V007,Toyota Innova,95540,96.96,30.53,12.29,8.89,32.56,3666,103,0
2025-01-11 00:00:00,V007,Toyota Innova,95570,96.92,30.21,12.27,8.88,32.66,1729,64,0
2025-01-11 12:00:00,V007,Toyota Innova,95600,96.69,30.12,12.26,8.86,32.57,1037,112,0
2025-01-12 00:00:00,V007,Toyota Innova,95630,96.59,29.83,12.26,8.85,32.32,2567,113,0
2025-01-12 12:00:00,V007,Toyota Innova,95660,95.68,29.69,12.24,8.83,32.26,1447,115,0
2025-01-13 00:00:00,V007,Toyota Innova,95690,95.96,29.4,12.24,8.82,32.17,3473,79,0
2025-01-13 12:00:00,V007,Toyota Innova,95720,96.37,29.22,12.22,8.8,32.09,2370,80,0
2025-01-14 00:00:00,V007,Toyota Innova,95750,97.81,29.3,12.2,8.77,32.23,3815,12,0
2025-01-14 12:00:00,V007,Toyota Innova,95780,98.0,29.25,12.21,8.74,32.42,1975,105,0
2025-01-15 00:00:00,V007,Toyota Innova,95810,98.67,29.3,12.19,8.71,32.18,3771,3,0
2025-01-15 12:00:00,V007,Toyota Innova,95840,98.49,29.3,12.19,8.7,32.28,3045,84,0
2025-01-16 00:00:00,V007,Toyota Innova,95870,99.37,29.17,12.2,8.68,32.3,2330,117,0
2025-01-16 12:00:00,V007,Toyota Innova,95900,99.47,29.41,12.18,8.66,32.31,3069,42,0
2025-01-17 00:00:00,V007,Toyota Innova,95930,100.09,29.38,12.17,8.66,32.37,2440,12,0
2025-01-17 12:00:00,V007,Toyota Innova,95960,100.67,29.29,12.17,8.64,32.45,2242,112,0
2025-01-18 00:00:00,V007,Toyota Innova,95990,101.67,29.23,12.16,8.62,32.44,2474,29,0
2025-01-18 12:00:00,V007,Toyota Innova,96020,102.45,29.22,12.17,8.62,32.52,3152,44,0
2025-01-19 00:00:00,V007,Toyota Innova,96050,101.52,29.11,12.16,8.61,32.47,2347,24,0
2025-01-19 12:00:00,V007,Toyota Innova,96080,101.82,29.17,12.16,8.6,32.29,2389,1,0
2025-01-20 00:00:00,V007,Toyota Innova,96110,101.64,29.08,12.18,8.58,32.21,1278,27,0
2025-01-20 12:00:00,V007,Toyota Innova,96140,101.75,28.8,12.17,8.56,32.29,1892,89,0
2025-01-21 00:00:00,V007,Toyota Innova,96170,101.86,28.43,12.16,8.55,32.53,1980,30,0
2025-01-21 12:00:00,V007,Toyota Innova,96200,102.67,28.32,12.14,8.52,32.58,2730,48,0
2025-01-22 00:00:00,V007,Toyota Innova,96230,102.63,28.12,12.12,8.52,32.58,2994,99,0
2025-01-22 12:00:00,V007,Toyota Innova,96260,102.44,28.2,12.12,8.5,32.75,3249,58,0
2025-01-23 00:00:00,V007,Toyota Innova,96290,102.99,28.08,12.13,8.49,32.77,3424,34,0
2025-01-23 12:00:00,V007,Toyota Innova,96320,103.16,27.69,12.13,8.49,32.67,2180,31,0
2025-01-24 00:00:00,V007,Toyota Innova,96350,103.21,27.7,12.12,8.46,32.5,3419,115,0
2025-01-24 12:00:00,V007,Toyota Innova,96380,102.82,27.85,12.12,8.44,32.65,3004,52,0
2025-01-25 00:00:00,V007,Toyota Innova,96410,102.63,27.72,12.11,8.42,32.69,871,24,0
2025-01-25 12:00:00,V007,Toyota Innova,96440,102.51,27.38,12.11,8.4,32.69,1649,92,0
2025-01-26 00:00:00,V007,Toyota Innova,96470,103.02,27.28,12.11,8.39,32.61,3787,16,0
2025-01-26 12:00:00,V007,Toyota Innova,96500,103.88,26.89,12.09,8.38,32.6,3309,98,0
2025-01-27 00:00:00,V007,Toyota Innova,96530,104.52,27.02,12.08,8.37,32.7,1693,9,0
2025-01-27 12:00:00,V007,Toyota Innova,96560,104.36,26.93,12.07,8.34,32.6,2246,70,0
2025-01-28 00:00:00,V007,Toyota Innova,96590,104.92,26.94,12.08,8.32,32.54,1351,39,0
2025-01-28 12:00:00,V007,Toyota Innova,96620,106.53,26.68,12.07,8.3,32.62,4000,1,0
2025-01-29 00:00:00,V007,Toyota Innova,96650,106.23,26.44,12.08,8.28,32.71,850,59,0
2025-01-29 12:00:00,V007,Toyota Innova,96680,107.08,26.07,12.07,8.26,32.87,3375,20,0
2025-01-30 00:00:00,V007,Toyota Innova,96710,106.74,26.01,12.06,8.23,32.91,3672,5,0
2025-01-30 12:00:00,V007,Toyota Innova,96740,107.2,26.17,12.06,8.2,32.81,2462,99,0
2025-01-31 00:00:00,V007,Toyota Innova,96770,106.61,25.91,12.05,8.17,32.8,3015,25,0
2025-01-31 12:00:00,V007,Toyota Innova,96800,106.14,26.08,12.06,8.17,32.87,2970,27,0
2025-02-01 00:00:00,V007,Toyota Innova,96830,105.03,25.93,12.06,8.16,32.89,3168,110,0
2025-02-01 12:00:00,V007,Toyota Innova,96860,104.05,25.53,12.07,8.12,32.91,1272,110,0
2025-02-02 00:00:00,V007,Toyota Innova,96890,105.13,25.41,12.06,8.1,32.91,2120,16,0
2025-02-02 12:00:00,V007,Toyota Innova,96920,104.91,25.65,12.06,8.1,32.97,3819,57,0
2025-02-03 00:00:00,V007,Toyota Innova,96950,104.23,25.52,12.04,8.07,32.92,3718,77,0
2025-02-03 12:00:00,V007,Toyota Innova,96980,105.27,25.51,12.03,8.03,32.82,3645,20,0
2025-02-04 00:00:00,V007,Toyota Innova,97010,105.56,25.69,12.01,7.99,32.86,2333,116,0
2025-02-04 12:00:00,V007,Toyota Innova,97040,106.02,25.56,12.01,7.98,32.87,1602,23,0
2025-02-05 00:00:00,V007,Toyota Innova,97070,105.61,25.52,11.99,7.96,32.8,2360,66,0
2025-02-05 12:00:00,V007,Toyota Innova,97100,105.99,25.56,11.99,7.94,32.74,1246,19,0
2025-02-06 00:00:00,V007,Toyota Innova,97130,106.34,25.43,11.98,7.93,32.98,2401,35,0
2025-02-06 12:00:00,V007,Toyota Innova,97160,107.39,25.58,11.97,7.92,32.92,1598,45,0
2025-02-07 00:00:00,V007,Toyota Innova,97190,106.67,25.41,11.97,7.91,33.0,2440,49,0
2025-02-07 12:00:00,V007,Toyota Innova,97220,106.95,25.05,11.97,7.89,32.81,1182,117,0
2025-02-08 00:00:00,V007,Toyota Innova,97250,107.03,25.1,11.97,7.87,32.89,2478,59,0
2025-02-08 12:00:00,V007,Toyota Innova,97280,106.88,24.98,11.95,7.84,32.87,2893,113,1
2025-02-09 00:00:00,V007,Toyota Innova,97310,106.71,24.81,11.95,7.81,32.8,1887,118,1
2025-02-09 12:00:00,V007,Toyota Innova,97340,107.83,24.63,11.94,7.8,32.81,2790,2,1
2025-02-10 00:00:00,V007,Toyota Innova,97370,108.03,24.29,11.95,7.77,32.86,3598,112,1
2025-02-10 12:00:00,V007,Toyota Innova,97400,107.94,24.47,11.94,7.74,32.91,1206,0,1
2025-02-11 00:00:00,V007,Toyota Innova,97430,108.3,24.91,11.95,7.72,33.01,3243,34,1
2025-02-11 12:00:00,V007,Toyota Innova,97460,108.95,24.7,11.94,7.7,33.17,3371,37,1
2025-02-12 00:00:00,V007,Toyota Innova,97490,109.72,24.31,11.94,7.66,33.18,1387,11,1
2025-02-12 12:00:00,V007,Toyota Innova,97520,108.46,24.29,11.92,7.64,33.09,1481,23,1
2025-02-13 00:00:00,V007,Toyota Innova,97550,108.79,24.16,11.91,7.64,33.19,1646,33,1
2025-02-13 12:00:00,V007,Toyota Innova,97580,108.75,24.62,11.91,7.62,33.13,2772,27,1
2025-02-14 00:00:00,V007,Toyota Innova,97610,108.17,24.48,11.91,7.61,33.24,875,40,1
2025-02-14 12:00:00,V007,Toyota Innova,97640,108.58,24.37,11.89,7.6,33.13,2538,54,1
2025-02-15 00:00:00,V007,Toyota Innova,97670,108.22,24.18,11.88,7.58,33.0,1116,104,1
2025-02-15 12:00:00,V007,Toyota Innova,97700,108.51,24.3,11.9,7.56,32.97,1848,37,1
2025-02-16 00:00:00,V007,Toyota Innova,97730,108.04,24.07,11.88,7.55,32.97,3343,69,1
2025-02-16 12:00:00,V007,Toyota Innova,97760,108.41,23.98,11.88,7.52,33.0,2045,11,1
2025-02-17 00:00:00,V007,Toyota Innova,97790,109.17,23.95,11.87,7.5,32.96,2818,43,1
2025-02-17 12:00:00,V007,Toyota Innova,97820,109.35,24.07,11.88,7.47,32.91,881,47,1
2025-02-18 00:00:00,V007,Toyota Innova,97850,109.44,23.73,11.88,7.43,32.97,2714,71,1
2025-02-18 12:00:00,V007,Toyota Innova,97880,110.23,23.81,11.86,7.41,32.79,1006,42,1
2025-02-19 00:00:00,V007,Toyota Innova,97910,110.46,23.81,11.84,7.38,32.82,2067,63,1
2025-02-19 12:00:00,V007,Toyota Innova,97940,110.47,23.73,11.84,7.37,32.81,2340,88,1
2025-01-01 00:00:00,V008,Skoda Slavia,138269,85.92,37.07,12.32,8.28,32.0,2136,94,0
2025-01-01 12:00:00,V008,Skoda Slavia,138299,86.0,37.05,12.31,8.26,31.93,2164,110,0
2025-01-02 00:00:00,V008,Skoda Slavia,138329,85.79,36.85,12.3,8.24,31.92,3920,80,0
2025-01-02 12:00:00,V008,Skoda Slavia,138359,86.05,36.36,12.29,8.21,31.93,1428,68,0
2025-01-03 00:00:00,V008,Skoda Slavia,138389,86.83,36.32,12.27,8.2,32.0,2361,69,0
2025-01-03 12:00:00,V008,Skoda Slavia,138419,87.82,36.28,12.26,8.2,32.01,3188,31,0
2025-01-04 00:00:00,V008,Skoda Slavia,138449,88.18,36.33,12.26,8.18,32.09,3564,119,0
2025-01-04 12:00:00,V008,Skoda Slavia,138479,88.09,36.17,12.27,8.16,32.14,1710,90,0
2025-01-05 00:00:00,V008,Skoda Slavia,138509,88.53,35.83,12.27,8.17,31.86,2723,17,0
2025-01-05 12:00:00,V008,Skoda Slavia,138539,88.55,35.85,12.26,8.15,31.82,2363,29,0
2025-01-06 00:00:00,V008,Skoda Slavia,138569,88.88,35.76,12.25,8.15,31.87,2478,75,0
2025-01-06 12:00:00,V008,Skoda Slavia,138599,88.17,35.91,12.24,8.13,31.72,2852,89,0
2025-01-07 00:00:00,V008,Skoda Slavia,138629,87.81,35.68,12.24,8.11,31.67,2392,57,0
2025-01-07 12:00:00,V008,Skoda Slavia,138659,87.66,35.7,12.24,8.1,31.56,1470,26,0
2025-01-08 00:00:00,V008,Skoda Slavia,138689,87.76,35.13,12.23,8.07,31.66,3910,75,0
2025-01-08 12:00:00,V008,Skoda Slavia,138719,86.7,34.99,12.22,8.05,31.6,3199,100,0
2025-01-09 00:00:00,V008,Skoda Slavia,138749,87.43,35.25,12.21,8.03,31.35,2750,70,0
2025-01-09 12:00:00,V008,Skoda Slavia,138779,86.83,35.15,12.21,8.0,31.46,3623,93,0
2025-01-10 00:00:00,V008,Skoda Slavia,138809,87.01,35.16,12.19,7.99,31.57,3881,8,0
2025-01-10 12:00:00,V008,Skoda Slavia,138839,87.73,34.91,12.17,7.97,31.45,1065,87,0
2025-01-11 00:00:00,V008,Skoda Slavia,138869,87.33,34.83,12.18,7.94,31.55,3278,105,0
2025-01-11 12:00:00,V008,Skoda Slavia,138899,86.69,35.08,12.18,7.91,31.64,3070,83,0
2025-01-12 00:00:00,V008,Skoda Slavia,138929,87.52,35.01,12.16,7.86,31.81,2179,84,0
2025-01-12 12:00:00,V008,Skoda Slavia,138959,87.58,34.6,12.16,7.85,31.83,3341,3,0
2025-01-13 00:00:00,V008,Skoda Slavia,138989,87.34,34.16,12.14,7.82,31.89,2153,7,0
2025-01-13 12:00:00,V008,Skoda Slavia,139019,87.28,33.99,12.13,7.81,31.93,1873,92,0
2025-01-14 00:00:00,V008,Skoda Slavia,139049,87.07,33.71,12.12,7.8,31.88,3610,32,0
2025-01-14 12:00:00,V008,Skoda Slavia,139079,87.87,33.61,12.12,7.78,31.85,3373,67,0
2025-01-15 00:00:00,V008,Skoda Slavia,139109,89.36,33.41,12.12,7.76,31.92,860,4,0
2025-01-15 12:00:00,V008,Skoda Slavia,139139,89.63,33.3,12.12,7.72,31.97,2887,35,0
2025-01-16 00:00:00,V008,Skoda Slavia,139169,89.93,33.09,12.11,7.69,32.15,1949,113,0
2025-01-16 12:00:00,V008,Skoda Slavia,139199,89.94,33.14,12.11,7.68,32.15,2666,81,0
2025-01-17 00:00:00,V008,Skoda Slavia,139229,89.43,33.0,12.09,7.66,32.17,3745,3,0
2025-01-17 12:00:00,V008,Skoda Slavia,139259,89.34,33.08,12.1,7.63,32.1,3229,38,0
2025-01-18 00:00:00,V008,Skoda Slavia,139289,89.35,33.37,12.1,7.62,32.01,1599,13,0
2025-01-18 12:00:00,V008,Skoda Slavia,139319,89.52,33.22,12.07,7.59,31.96,2948,120,0
2025-01-19 00:00:00,V008,Skoda Slavia,139349,90.04,33.08,12.07,7.57,31.92,3673,70,0
2025-01-19 12:00:00,V008,Skoda Slavia,139379,90.14,33.02,12.05,7.56,31.97,1213,33,0
2025-01-20 00:00:00,V008,Skoda Slavia,139409,90.0,32.9,12.05,7.55,32.24,1421,20,0
2025-01-20 12:00:00,V008,Skoda Slavia,139439,90.21,32.98,12.04,7.54,32.09,3716,109,0
2025-01-21 00:00:00,V008,Skoda Slavia,139469,89.62,33.2,12.03,7.5,32.28,3460,12,0
2025-01-21 12:00:00,V008,Skoda Slavia,139499,89.9,33.2,12.02,7.48,32.31,2942,103,0
2025-01-22 00:00:00,V008,Skoda Slavia,139529,90.45,33.42,12.02,7.46,32.42,1257,16,0
2025-01-22 12:00:00,V008,Skoda Slavia,139559,91.17,33.16,12.01,7.44,32.42,3215,79,0
2025-01-23 00:00:00,V008,Skoda Slavia,139589,90.41,33.09,12.03,7.45,32.54,3984,68,0
2025-01-23 12:00:00,V008,Skoda Slavia,139619,90.89,33.09,12.03,7.44,32.7,2344,28,0
2025-01-24 00:00:00,V008,Skoda Slavia,139649,91.05,33.11,12.02,7.42,32.88,2139,27,0
2025-01-24 12:00:00,V008,Skoda Slavia,139679,91.34,32.85,12.03,7.4,32.92,2177,27,0
2025-01-25 00:00:00,V008,Skoda Slavia,139709,91.5,32.83,12.02,7.38,33.08,3809,28,0
2025-01-25 12:00:00,V008,Skoda Slavia,139739,91.48,32.53,12.03,7.36,32.91,3939,89,0
2025-01-26 00:00:00,V008,Skoda Slavia,139769,90.95,31.86,12.03,7.33,33.07,2727,44,0
2025-01-26 12:00:00,V008,Skoda Slavia,139799,90.78,31.57,12.03,7.31,33.03,3457,48,0
2025-01-27 00:00:00,V008,Skoda Slavia,139829,91.45,31.52,12.03,7.28,33.16,1191,38,0
2025-01-27 12:00:00,V008,Skoda Slavia,139859,90.84,31.45,12.02,7.25,33.15,4000,108,0
2025-01-28 00:00:00,V008,Skoda Slavia,139889,91.29,31.44,12.01,7.23,33.28,3782,5,0
2025-01-28 12:00:00,V008,Skoda Slavia,139919,91.41,31.35,12.01,7.21,33.47,3675,43,0
2025-01-29 00:00:00,V008,Skoda Slavia,139949,91.78,31.35,12.0,7.2,33.53,1579,3,0
2025-01-29 12:00:00,V008,Skoda Slavia,139979,92.59,31.07,12.0,7.16,33.8,3334,14,0
2025-01-30 00:00:00,V008,Skoda Slavia,140009,92.9,30.96,11.99,7.13,33.97,2615,16,0
2025-01-30 12:00:00,V008,Skoda Slavia,140039,92.78,30.6,11.98,7.11,34.05,3908,84,0
2025-01-31 00:00:00,V008,Skoda Slavia,140069,93.06,30.17,11.97,7.09,34.08,3772,113,0
2025-01-31 12:00:00,V008,Skoda Slavia,140099,92.77,30.33,11.96,7.07,34.11,3619,114,0
2025-02-01 00:00:00,V008,Skoda Slavia,140129,93.05,29.95,11.96,7.04,34.07,1648,58,0
2025-02-01 12:00:00,V008,Skoda Slavia,140159,93.62,29.7,11.96,7.02,34.11,1879,73,0
2025-02-02 00:00:00,V008,Skoda Slavia,140189,93.34,29.36,11.97,7.0,34.29,2336,16,0
2025-02-02 12:00:00,V008,Skoda Slavia,140219,94.04,29.28,11.98,6.98,34.34,973,79,0
2025-02-03 00:00:00,V008,Skoda Slavia,140249,92.97,29.42,11.96,6.96,34.28,3493,91,0
2025-02-03 12:00:00,V008,Skoda Slavia,140279,93.37,29.47,11.96,6.94,34.23,3368,63,0
2025-02-04 00:00:00,V008,Skoda Slavia,140309,94.61,29.18,11.95,6.93,34.23,924,115,0
2025-02-04 12:00:00,V008,Skoda Slavia,140339,94.58,29.0,11.94,6.91,34.3,2719,69,0
2025-02-05 00:00:00,V008,Skoda Slavia,140369,94.64,28.85,11.95,6.88,34.34,3004,115,0
2025-02-05 12:00:00,V008,Skoda Slavia,140399,95.68,29.16,11.94,6.87,34.31,2242,56,0
2025-02-06 00:00:00,V008,Skoda Slavia,140429,95.99,29.33,11.95,6.85,34.25,1229,108,0
2025-02-06 12:00:00,V008,Skoda Slavia,140459,95.69,29.14,11.93,6.83,34.15,2470,72,0
2025-02-07 00:00:00,V008,Skoda Slavia,140489,96.0,29.15,11.93,6.8,34.24,3907,54,0
2025-02-07 12:00:00,V008,Skoda Slavia,140519,95.67,29.08,11.91,6.77,34.3,1661,39,0
2025-02-08 00:00:00,V008,Skoda Slavia,140549,96.44,28.47,11.91,6.76,34.29,2522,89,0
2025-02-08 12:00:00,V008,Skoda Slavia,140579,96.16,28.15,11.88,6.73,34.26,1582,93,0
2025-02-09 00:00:00,V008,Skoda Slavia,140609,96.77,27.88,11.86,6.73,34.31,2790,75,0
2025-02-09 12:00:00,V008,Skoda Slavia,140639,97.34,27.8,11.86,6.69,34.32,2127,32,0
2025-02-10 00:00:00,V008,Skoda Slavia,140669,97.25,27.48,11.86,6.68,34.43,3150,89,0
2025-02-10 12:00:00,V008,Skoda Slavia,140699,97.56,27.35,11.86,6.65,34.5,1548,64,0
2025-02-11 00:00:00,V008,Skoda Slavia,140729,97.88,27.37,11.85,6.62,34.56,2307,75,0
2025-02-11 12:00:00,V008,Skoda Slavia,140759,98.58,27.14,11.84,6.59,34.66,2678,51,0
2025-02-12 00:00:00,V008,Skoda Slavia,140789,98.04,26.75,11.83,6.55,34.47,3582,47,0
2025-02-12 12:00:00,V008,Skoda Slavia,140819,98.36,26.67,11.82,6.52,34.51,2865,48,0
2025-02-13 00:00:00,V008,Skoda Slavia,140849,97.77,26.72,11.81,6.51,34.61,1382,42,0
2025-02-13 12:00:00,V008,Skoda Slavia,140879,98.25,26.94,11.8,6.5,34.55,1749,21,0
2025-02-14 00:00:00,V008,Skoda Slavia,140909,98.12,26.65,11.81,6.49,34.38,2599,51,0
2025-02-14 12:00:00,V008,Skoda Slavia,140939,98.43,26.49,11.82,6.46,34.12,2559,32,0
2025-02-15 00:00:00,V008,Skoda Slavia,140969,99.47,26.69,11.81,6.43,34.23,3238,15,0
2025-02-15 12:00:00,V008,Skoda Slavia,140999,99.93,26.52,11.8,6.41,34.19,1481,80,0
2025-02-16 00:00:00,V008,Skoda Slavia,141029,98.87,26.44,11.8,6.4,34.27,3278,40,0
2025-02-16 12:00:00,V008,Skoda Slavia,141059,98.85,26.19,11.81,6.38,34.37,1996,52,0
2025-02-17 00:00:00,V008,Skoda Slavia,141089,98.91,25.9,11.79,6.36,34.33,3692,97,0
2025-02-17 12:00:00,V008,Skoda Slavia,141119,100.04,25.72,11.78,6.32,34.31,816,29,0
2025-02-18 00:00:00,V008,Skoda Slavia,141149,100.48,25.73,11.78,6.32,34.41,1397,22,0
2025-02-18 12:00:00,V008,Skoda Slavia,141179,100.16,25.62,11.78,6.27,34.44,3701,53,0
2025-02-19 00:00:00,V008,Skoda Slavia,141209,100.35,25.61,11.76,6.25,34.36,3339,39,0
2025-02-19 12:00:00,V008,Skoda Slavia,141239,100.64,25.5,11.75,6.25,34.22,3410,48,0
2025-01-01 00:00:00,V009,Renault Kiger,70467,91.3,32.98,12.66,9.07,32.96,3452,2,0
2025-01-01 12:00:00,V009,Renault Kiger,70497,90.95,32.76,12.66,9.07,33.1,1068,51,0
2025-01-02 00:00:00,V009,Renault Kiger,70527,90.41,32.75,12.66,9.03,33.11,2832,118,0
2025-01-02 12:00:00,V009,Renault Kiger,70557,90.18,32.58,12.62,9.02,33.22,2274,48,0
2025-01-03 00:00:00,V009,Renault Kiger,70587,90.4,32.47,12.62,9.01,33.15,2759,22,0
2025-01-03 12:00:00,V009,Renault Kiger,70617,90.53,32.7,12.61,8.97,33.15,2500,95,0
2025-01-04 00:00:00,V009,Renault Kiger,70647,91.48,32.69,12.6,8.95,33.32,1466,51,0
2025-01-04 12:00:00,V009,Renault Kiger,70677,92.35,32.53,12.6,8.94,33.35,3377,117,0
2025-01-05 00:00:00,V009,Renault Kiger,70707,92.59,32.44,12.6,8.9,33.32,857,39,0
2025-01-05 12:00:00,V009,Renault Kiger,70737,92.94,32.47,12.58,8.86,33.28,3889,114,0
2025-01-06 00:00:00,V009,Renault Kiger,70767,94.09,32.61,12.57,8.84,33.14,2335,18,0
2025-01-06 12:00:00,V009,Renault Kiger,70797,93.59,32.47,12.56,8.82,33.09,880,79,0
2025-01-07 00:00:00,V009,Renault Kiger,70827,94.03,32.3,12.56,8.79,33.0,2608,25,0
2025-01-07 12:00:00,V009,Renault Kiger,70857,94.41,32.15,12.55,8.74,33.1,3754,2,0
2025-01-08 00:00:00,V009,Renault Kiger,70887,94.41,31.98,12.56,8.73,33.11,1156,4,0
2025-01-08 12:00:00,V009,Renault Kiger,70917,95.19,31.55,12.55,8.71,33.26,2379,115,0
2025-01-09 00:00:00,V009,Renault Kiger,70947,95.77,31.27,12.54,8.7,33.14,2970,59,0
2025-01-09 12:00:00,V009,Renault Kiger,70977,96.79,31.33,12.53,8.68,33.14,3916,63,0
2025-01-10 00:00:00,V009,Renault Kiger,71007,95.98,31.33,12.53,8.66,33.26,1441,109,0
2025-01-10 12:00:00,V009,Renault Kiger,71037,96.23,31.35,12.53,8.64,33.14,1707,4,0
2025-01-11 00:00:00,V009,Renault Kiger,71067,96.28,31.25,12.52,8.61,33.07,3304,44,0
2025-01-11 12:00:00,V009,Renault Kiger,71097,96.32,31.09,12.52,8.59,32.98,1612,87,0
2025-01-12 00:00:00,V009,Renault Kiger,71127,96.81,31.14,12.52,8.59,33.04,1106,36,0
2025-01-12 12:00:00,V009,Renault Kiger,71157,96.72,31.24,12.5,8.57,33.22,1265,10,0
2025-01-13 00:00:00,V009,Renault Kiger,71187,95.71,31.06,12.48,8.57,33.12,3037,86,0
2025-01-13 12:00:00,V009,Renault Kiger,71217,95.91,30.96,12.5,8.54,33.08,3369,114,0
2025-01-14 00:00:00,V009,Renault Kiger,71247,95.32,30.74,12.48,8.53,33.11,921,68,0
2025-01-14 12:00:00,V009,Renault Kiger,71277,95.73,30.79,12.47,8.49,33.04,1023,105,0
2025-01-15 00:00:00,V009,Renault Kiger,71307,96.12,30.73,12.45,8.49,33.13,1993,112,0
2025-01-15 12:00:00,V009,Renault Kiger,71337,95.93,30.64,12.47,8.46,33.36,2505,78,0
2025-01-16 00:00:00,V009,Renault Kiger,71367,96.57,30.59,12.48,8.43,33.38,1912,12,0
2025-01-16 12:00:00,V009,Renault Kiger,71397,97.57,30.69,12.47,8.41,33.54,3889,16,0
2025-01-17 00:00:00,V009,Renault Kiger,71427,99.2,30.37,12.45,8.39,33.64,3349,0,0
2025-01-17 12:00:00,V009,Renault Kiger,71457,99.98,30.33,12.42,8.38,33.61,3014,21,0
2025-01-18 00:00:00,V009,Renault Kiger,71487,99.97,30.2,12.4,8.36,33.67,3019,31,0
2025-01-18 12:00:00,V009,Renault Kiger,71517,99.96,30.36,12.39,8.35,33.66,3940,29,0
2025-01-19 00:00:00,V009,Renault Kiger,71547,99.42,30.06,12.39,8.34,33.54,890,55,0
2025-01-19 12:00:00,V009,Renault Kiger,71577,99.38,29.88,12.38,8.32,33.56,3359,68,0
2025-01-20 00:00:00,V009,Renault Kiger,71607,99.53,29.73,12.36,8.3,33.51,1069,35,0
2025-01-20 12:00:00,V009,Renault Kiger,71637,99.9,29.56,12.36,8.29,33.43,2118,71,0
2025-01-21 00:00:00,V009,Renault Kiger,71667,99.35,29.77,12.36,8.29,33.5,3461,60,0
2025-01-21 12:00:00,V009,Renault Kiger,71697,99.01,29.73,12.34,8.28,33.5,901,96,0
2025-01-22 00:00:00,V009,Renault Kiger,71727,98.43,29.53,12.32,8.27,33.57,3738,106,0
2025-01-22 12:00:00,V009,Renault Kiger,71757,99.11,29.6,12.33,8.24,33.6,2830,50,0
2025-01-23 00:00:00,V009,Renault Kiger,71787,99.45,29.55,12.3,8.22,33.7,861,92,0
2025-01-23 12:00:00,V009,Renault Kiger,71817,100.03,29.76,12.3,8.21,33.6,3352,12,0
2025-01-24 00:00:00,V009,Renault Kiger,71847,100.32,29.51,12.3,8.19,33.49,2777,68,0
2025-01-24 12:00:00,V009,Renault Kiger,71877,100.61,29.4,12.29,8.17,33.41,1100,11,0
2025-01-25 00:00:00,V009,Renault Kiger,71907,100.87,29.15,12.31,8.16,33.4,3972,60,0
2025-01-25 12:00:00,V009,Renault Kiger,71937,100.99,28.87,12.29,8.15,33.47,3111,89,0
2025-01-26 00:00:00,V009,Renault Kiger,71967,100.47,28.69,12.3,8.13,33.32,2744,35,0
2025-01-26 12:00:00,V009,Renault Kiger,71997,100.59,28.49,12.29,8.11,33.33,2707,40,0
2025-01-27 00:00:00,V009,Renault Kiger,72027,99.85,28.5,12.29,8.08,33.34,3062,7,0
2025-01-27 12:00:00,V009,Renault Kiger,72057,99.98,28.37,12.31,8.05,33.53,3254,60,0
2025-01-28 00:00:00,V009,Renault Kiger,72087,100.5,28.13,12.3,8.04,33.49,1391,56,0
2025-01-28 12:00:00,V009,Renault Kiger,72117,100.4,27.85,12.29,8.01,33.5,3462,35,0
2025-01-29 00:00:00,V009,Renault Kiger,72147,101.03,27.69,12.29,7.99,33.57,2932,50,0
2025-01-29 12:00:00,V009,Renault Kiger,72177,101.21,27.31,12.27,7.98,33.59,2443,77,0
2025-01-30 00:00:00,V009,Renault Kiger,72207,101.56,27.29,12.26,7.96,33.82,1048,72,0
2025-01-30 12:00:00,V009,Renault Kiger,72237,101.88,27.03,12.24,7.92,33.88,2391,101,0
2025-01-31 00:00:00,V009,Renault Kiger,72267,101.64,26.8,12.25,7.91,33.94,2359,64,0
2025-01-31 12:00:00,V009,Renault Kiger,72297,102.33,26.63,12.24,7.89,33.97,1111,84,0
2025-02-01 00:00:00,V009,Renault Kiger,72327,102.07,26.88,12.23,7.85,33.97,3386,46,0
2025-02-01 12:00:00,V009,Renault Kiger,72357,102.94,26.61,12.22,7.82,33.97,2399,45,0
2025-02-02 00:00:00,V009,Renault Kiger,72387,102.36,26.77,12.21,7.8,33.92,2372,104,0
2025-02-02 12:00:00,V009,Renault Kiger,72417,102.95,26.51,12.23,7.78,33.93,3226,77,0
2025-02-03 00:00:00,V009,Renault Kiger,72447,103.01,26.69,12.23,7.74,33.76,1473,58,0
2025-02-03 12:00:00,V009,Renault Kiger,72477,103.56,26.59,12.24,7.74,33.69,3384,14,0
2025-02-04 00:00:00,V009,Renault Kiger,72507,104.29,26.62,12.23,7.7,33.6,2006,7,0
2025-02-04 12:00:00,V009,Renault Kiger,72537,103.47,26.08,12.23,7.68,33.69,2823,63,0
2025-02-05 00:00:00,V009,Renault Kiger,72567,103.8,26.11,12.23,7.65,33.56,2216,5,0
2025-02-05 12:00:00,V009,Renault Kiger,72597,103.8,25.77,12.19,7.64,33.61,968,77,0
2025-02-06 00:00:00,V009,Renault Kiger,72627,105.06,25.89,12.18,7.63,33.69,3734,63,0
2025-02-06 12:00:00,V009,Renault Kiger,72657,104.99,25.64,12.19,7.61,33.75,2678,28,0
2025-02-07 00:00:00,V009,Renault Kiger,72687,104.73,25.36,12.17,7.58,33.73,1948,87,0
2025-02-07 12:00:00,V009,Renault Kiger,72717,104.67,25.38,12.16,7.57,33.63,2174,29,0
2025-02-08 00:00:00,V009,Renault Kiger,72747,105.03,25.5,12.13,7.56,33.6,1675,65,0
2025-02-08 12:00:00,V009,Renault Kiger,72777,105.97,25.47,12.11,7.54,33.71,3682,111,0
2025-02-09 00:00:00,V009,Renault Kiger,72807,106.19,25.56,12.1,7.51,33.82,3665,22,0
2025-02-09 12:00:00,V009,Renault Kiger,72837,106.65,25.64,12.1,7.48,33.94,3942,13,0
2025-02-10 00:00:00,V009,Renault Kiger,72867,106.55,25.53,12.09,7.46,34.05,2807,24,0
2025-02-10 12:00:00,V009,Renault Kiger,72897,106.46,25.48,12.07,7.44,33.97,883,29,0
2025-02-11 00:00:00,V009,Renault Kiger,72927,106.97,25.27,12.08,7.43,33.97,2015,52,0
2025-02-11 12:00:00,V009,Renault Kiger,72957,107.39,25.35,12.08,7.42,33.97,3892,67,0
2025-02-12 00:00:00,V009,Renault Kiger,72987,107.76,25.67,12.07,7.4,33.82,1944,28,0
2025-02-12 12:00:00,V009,Renault Kiger,73017,108.82,25.69,12.07,7.38,33.88,3606,105,0
2025-02-13 00:00:00,V009,Renault Kiger,73047,108.8,25.56,12.07,7.38,34.02,1041,53,0
2025-02-13 12:00:00,V009,Renault Kiger,73077,109.29,25.64,12.07,7.36,34.02,898,10,0
2025-02-14 00:00:00,V009,Renault Kiger,73107,109.17,25.51,12.06,7.34,34.07,891,102,0
2025-02-14 12:00:00,V009,Renault Kiger,73137,109.61,25.15,12.05,7.33,34.12,2346,112,0
2025-02-15 00:00:00,V009,Renault Kiger,73167,110.17,24.93,12.04,7.32,34.12,2472,116,1
2025-02-15 12:00:00,V009,Renault Kiger,73197,111.47,24.76,12.04,7.3,34.22,803,61,1
2025-02-16 00:00:00,V009,Renault Kiger,73227,111.95,24.73,12.02,7.28,34.25,2848,65,1
2025-02-16 12:00:00,V009,Renault Kiger,73257,112.81,24.5,12.01,7.27,34.24,3411,93,1
2025-02-17 00:00:00,V009,Renault Kiger,73287,113.43,24.59,11.99,7.25,34.14,2836,3,1
2025-02-17 12:00:00,V009,Renault Kiger,73317,114.39,24.37,11.99,7.23,34.05,3706,95,1
2025-02-18 00:00:00,V009,Renault Kiger,73347,115.29,24.21,11.98,7.21,34.2,962,110,1
2025-02-18 12:00:00,V009,Renault Kiger,73377,115.8,23.98,11.97,7.19,34.19,3920,92,1
2025-02-19 00:00:00,V009,Renault Kiger,73407,116.7,23.91,11.96,7.18,34.18,2055,76,1
2025-02-19 12:00:00,V009,Renault Kiger,73437,117.85,24.1,11.96,7.17,34.27,1823,67,1
2025-01-01 00:00:00,V010,MG Hector,108939,99.36,33.19,12.69,9.59,32.99,3552,43,0
2025-01-01 12:00:00,V010,MG Hector,108969,100.1,33.23,12.7,9.59,33.03,850,16,0
2025-01-02 00:00:00,V010,MG Hector,108999,99.89,33.05,12.69,9.59,33.13,1120,105,0
2025-01-02 12:00:00,V010,MG Hector,109029,99.0,32.87,12.7,9.56,33.32,2030,106,0
2025-01-03 00:00:00,V010,MG Hector,109059,98.64,32.9,12.7,9.53,33.31,3489,83,0
2025-01-03 12:00:00,V010,MG Hector,109089,98.88,32.68,12.69,9.51,33.35,812,99,0
2025-01-04 00:00:00,V010,MG Hector,109119,100.17,32.6,12.67,9.5,33.41,2195,39,0
2025-01-04 12:00:00,V010,MG Hector,109149,100.18,32.53,12.67,9.48,33.46,2887,26,0
2025-01-05 00:00:00,V010,MG Hector,109179,101.75,32.44,12.67,9.46,33.44,2833,38,0
2025-01-05 12:00:00,V010,MG Hector,109209,101.24,32.74,12.66,9.44,33.39,2637,73,0
2025-01-06 00:00:00,V010,MG Hector,109239,101.33,32.75,12.65,9.43,33.5,1632,25,0
2025-01-06 12:00:00,V010,MG Hector,109269,101.93,32.78,12.65,9.42,33.63,1146,83,0
2025-01-07 00:00:00,V010,MG Hector,109299,101.98,32.76,12.65,9.41,33.71,3073,109,0
2025-01-07 12:00:00,V010,MG Hector,109329,102.29,32.67,12.63,9.39,33.61,1511,54,0
2025-01-08 00:00:00,V010,MG Hector,109359,102.07,32.6,12.63,9.39,33.53,3552,30,0
2025-01-08 12:00:00,V010,MG Hector,109389,102.0,32.47,12.63,9.37,33.56,1189,38,0
2025-01-09 00:00:00,V010,MG Hector,109419,101.94,32.76,12.64,9.34,33.58,2986,112,0
2025-01-09 12:00:00,V010,MG Hector,109449,101.63,32.69,12.63,9.31,33.53,3510,95,0
2025-01-10 00:00:00,V010,MG Hector,109479,101.32,32.67,12.62,9.28,33.48,2260,11,0
2025-01-10 12:00:00,V010,MG Hector,109509,100.9,32.52,12.62,9.26,33.43,2754,74,0
2025-01-11 00:00:00,V010,MG Hector,109539,101.2,32.42,12.61,9.23,33.38,2760,66,0
2025-01-11 12:00:00,V010,MG Hector,109569,101.62,32.24,12.59,9.22,33.41,2440,39,0
2025-01-12 00:00:00,V010,MG Hector,109599,102.35,32.33,12.59,9.2,33.34,929,43,0
2025-01-12 12:00:00,V010,MG Hector,109629,102.51,32.11,12.59,9.19,33.26,1335,0,0
2025-01-13 00:00:00,V010,MG Hector,109659,102.82,32.04,12.58,9.17,33.45,3741,10,0
2025-01-13 12:00:00,V010,MG Hector,109689,102.84,31.96,12.57,9.16,33.41,3254,118,0
2025-01-14 00:00:00,V010,MG Hector,109719,103.62,31.95,12.56,9.15,33.35,2497,40,0
2025-01-14 12:00:00,V010,MG Hector,109749,104.0,31.7,12.56,9.13,33.27,3426,68,0
2025-01-15 00:00:00,V010,MG Hector,109779,104.51,31.46,12.55,9.11,33.14,1178,62,0
2025-01-15 12:00:00,V010,MG Hector,109809,104.84,31.29,12.54,9.09,33.23,3911,44,0
2025-01-16 00:00:00,V010,MG Hector,109839,105.09,31.18,12.52,9.08,33.31,3540,110,0
2025-01-16 12:00:00,V010,MG Hector,109869,104.18,30.97,12.52,9.06,33.34,3094,4,0
2025-01-17 00:00:00,V010,MG Hector,109899,104.19,30.56,12.51,9.04,33.46,977,35,0
2025-01-17 12:00:00,V010,MG Hector,109929,104.38,30.44,12.5,9.04,33.26,3786,86,0
2025-01-18 00:00:00,V010,MG Hector,109959,104.71,30.11,12.49,9.01,33.18,3665,97,0
2025-01-18 12:00:00,V010,MG Hector,109989,104.8,30.19,12.49,8.97,33.16,2226,116,0
2025-01-19 00:00:00,V010,MG Hector,110019,104.53,30.1,12.48,8.95,33.13,3255,27,0
2025-01-19 12:00:00,V010,MG Hector,110049,105.02,29.86,12.49,8.94,33.21,3479,88,0
2025-01-20 00:00:00,V010,MG Hector,110079,104.25,29.47,12.49,8.91,33.2,2009,36,0
2025-01-20 12:00:00,V010,MG Hector,110109,104.48,29.29,12.49,8.9,33.29,1877,27,0
2025-01-21 00:00:00,V010,MG Hector,110139,104.74,29.21,12.48,8.87,33.32,876,89,0
2025-01-21 12:00:00,V010,MG Hector,110169,104.89,29.23,12.5,8.85,33.4,919,11,0
2025-01-22 00:00:00,V010,MG Hector,110199,104.73,29.23,12.49,8.82,33.38,3524,66,0
2025-01-22 12:00:00,V010,MG Hector,110229,105.19,29.17,12.48,8.82,33.45,2788,46,0
2025-01-23 00:00:00,V010,MG Hector,110259,105.47,29.08,12.46,8.81,33.43,3007,7,0
2025-01-23 12:00:00,V010,MG Hector,110289,105.17,29.02,12.44,8.8,33.35,3760,31,0
2025-01-24 00:00:00,V010,MG Hector,110319,106.34,29.16,12.44,8.77,33.62,3233,31,0
2025-01-24 12:00:00,V010,MG Hector,110349,106.91,28.91,12.43,8.75,33.66,3332,5,0
2025-01-25 00:00:00,V010,MG Hector,110379,106.91,28.49,12.42,8.72,33.83,2417,120,0
2025-01-25 12:00:00,V010,MG Hector,110409,107.05,28.31,12.42,8.68,33.81,2316,42,0
2025-01-26 00:00:00,V010,MG Hector,110439,106.51,28.04,12.4,8.67,33.76,1798,63,0
2025-01-26 12:00:00,V010,MG Hector,110469,106.09,27.77,12.36,8.66,33.85,3031,16,0
2025-01-27 00:00:00,V010,MG Hector,110499,106.38,27.26,12.34,8.63,33.66,2315,47,0
2025-01-27 12:00:00,V010,MG Hector,110529,106.45,26.85,12.36,8.61,33.61,1701,53,0
2025-01-28 00:00:00,V010,MG Hector,110559,106.94,26.43,12.36,8.59,33.63,3735,109,0
2025-01-28 12:00:00,V010,MG Hector,110589,107.63,26.4,12.36,8.57,33.57,3133,110,0
2025-01-29 00:00:00,V010,MG Hector,110619,107.89,26.16,12.35,8.54,33.57,2503,3,0
2025-01-29 12:00:00,V010,MG Hector,110649,107.79,26.13,12.34,8.53,33.5,1678,48,0
2025-01-30 00:00:00,V010,MG Hector,110679,108.07,25.99,12.35,8.52,33.47,946,64,0
2025-01-30 12:00:00,V010,MG Hector,110709,108.08,25.61,12.34,8.48,33.4,3567,52,0
2025-01-31 00:00:00,V010,MG Hector,110739,107.26,25.73,12.34,8.46,33.4,997,23,0
2025-01-31 12:00:00,V010,MG Hector,110769,107.8,25.72,12.34,8.45,33.28,845,108,0
2025-02-01 00:00:00,V010,MG Hector,110799,107.65,25.76,12.34,8.44,33.27,3612,84,0
2025-02-01 12:00:00,V010,MG Hector,110829,107.15,25.51,12.33,8.41,33.24,3996,69,0
2025-02-02 00:00:00,V010,MG Hector,110859,107.65,25.54,12.33,8.4,33.28,2020,5,0
2025-02-02 12:00:00,V010,MG Hector,110889,107.28,25.34,12.34,8.38,33.07,1213,12,0
2025-02-03 00:00:00,V010,MG Hector,110919,107.37,25.42,12.33,8.37,33.04,1107,13,0
2025-02-03 12:00:00,V010,MG Hector,110949,107.84,25.3,12.31,8.36,33.01,1995,59,0
2025-02-04 00:00:00,V010,MG Hector,110979,108.52,25.28,12.29,8.33,33.16,1554,72,0
2025-02-04 12:00:00,V010,MG Hector,111009,108.68,24.98,12.28,8.3,32.96,3881,61,1
2025-02-05 00:00:00,V010,MG Hector,111039,108.5,24.97,12.27,8.28,32.98,1166,118,1
2025-02-05 12:00:00,V010,MG Hector,111069,108.12,25.15,12.26,8.25,33.01,2965,54,0
2025-02-06 00:00:00,V010,MG Hector,111099,108.56,25.13,12.24,8.23,32.91,2311,7,0
2025-02-06 12:00:00,V010,MG Hector,111129,109.62,25.32,12.23,8.21,33.0,926,120,0
2025-02-07 00:00:00,V010,MG Hector,111159,110.37,25.27,12.24,8.2,32.99,1559,54,1
2025-02-07 12:00:00,V010,MG Hector,111189,110.61,25.15,12.23,8.19,32.91,2027,16,1
2025-02-08 00:00:00,V010,MG Hector,111219,111.16,24.66,12.24,8.17,32.94,2553,9,1
2025-02-08 12:00:00,V010,MG Hector,111249,111.65,24.55,12.23,8.15,32.99,2217,25,1
2025-02-09 00:00:00,V010,MG Hector,111279,111.73,23.69,12.2,8.11,33.0,3551,59,1
2025-02-09 12:00:00,V010,MG Hector,111309,112.71,23.47,12.19,8.08,32.96,1706,51,1
2025-02-10 00:00:00,V010,MG Hector,111339,114.4,23.28,12.18,8.08,33.02,3648,114,1
2025-02-10 12:00:00,V010,MG Hector,111369,114.35,23.4,12.17,8.07,33.16,1570,42,1
2025-02-11 00:00:00,V010,MG Hector,111399,115.77,23.17,12.17,8.05,33.24,1387,34,1
2025-02-11 12:00:00,V010,MG Hector,111429,115.38,23.43,12.16,8.02,33.04,948,70,1
2025-02-12 00:00:00,V010,MG Hector,111459,114.52,23.23,12.16,7.99,33.04,2076,49,1
2025-02-12 12:00:00,V010,MG Hector,111489,115.16,23.17,12.16,7.97,33.03,2420,110,1
2025-02-13 00:00:00,V010,MG Hector,111519,115.02,23.38,12.17,7.93,32.89,2309,32,1
2025-02-13 12:00:00,V010,MG Hector,111549,115.45,23.35,12.18,7.91,32.92,2196,31,1
2025-02-14 00:00:00,V010,MG Hector,111579,116.72,23.17,12.18,7.89,32.92,3862,61,1
2025-02-14 12:00:00,V010,MG Hector,111609,116.39,23.26,12.18,7.88,32.94,836,54,1
2025-02-15 00:00:00,V010,MG Hector,111639,117.48,23.06,12.18,7.84,32.95,828,27,1
2025-02-15 12:00:00,V010,MG Hector,111669,116.95,23.07,12.18,7.82,32.93,3936,93,1
2025-02-16 00:00:00,V010,MG Hector,111699,116.9,22.64,12.2,7.79,33.07,2214,85,1
2025-02-16 12:00:00,V010,MG Hector,111729,116.85,22.86,12.21,7.78,33.06,1453,73,1
2025-02-17 00:00:00,V010,MG Hector,111759,116.72,22.56,12.22,7.76,33.19,3212,64,1
2025-02-17 12:00:00,V010,MG Hector,111789,116.76,22.34,12.22,7.74,33.25,1817,64,1
2025-02-18 00:00:00,V010,MG Hector,111819,116.9,22.23,12.21,7.73,33.41,3593,106,1
2025-02-18 12:00:00,V010,MG Hector,111849,118.03,22.01,12.21,7.72,33.34,3637,82,1
2025-02-19 00:00:00,V010,MG Hector,111879,117.75,21.79,12.22,7.69,33.25,2905,116,1
2025-02-19 12:00:00,V010,MG Hector,111909,117.7,21.82,12.23,7.67,33.15,3982,49,1
